TransactionAmount,TransactionType,Location,Channel,CustomerAge,CustomerOccupation,TransactionDuration,LoginAttempts,AccountBalance,Age,Target
14.089999999999975,Debit,San Diego,ATM,70.0,Doctor,81.0,1.0,5112.21,high,0
126.29,Debit,Mesa,Online,19.0,Student,56.0,1.0,1122.3499999999995,low,2
184.5,Debit,Raleigh,Online,26.0,Student,25.0,1.0,8569.06,low,0
92.15,Debit,Oklahoma City,ATM,18.0,Student,172.0,1.0,781.6799999999998,low,2
106.23,Credit,Detroit,Branch,51.0,Engineer,86.0,1.0,9095.14,medium,1
17.78,Credit,Albuquerque,Online,52.0,Engineer,59.0,1.0,7599.52,medium,3
190.02,Debit,Memphis,Online,21.0,Student,173.0,1.0,1528.81,low,2
494.52,Credit,Mesa,Branch,24.0,Student,111.0,1.0,1620.02,low,2
166.99,Debit,Louisville,Online,18.0,Student,134.0,1.0,299.9300000000003,low,2
465.45000000000005,Debit,Denver,ATM,36.0,Engineer,129.0,1.0,3465.54,medium,1
555.8,Credit,Austin,Branch,19.0,Student,158.0,1.0,1131.2600000000007,low,3
18.680000000000007,Credit,Albuquerque,Branch,59.0,Retired,106.0,1.0,7948.370000000001,high,3
71.47999999999999,Credit,Columbus,Online,18.0,Student,169.0,1.0,6568.59,low,3
59.31999999999999,Debit,Los Angeles,Branch,71.0,Retired,38.0,1.0,5750.89,high,2
85.77,Debit,Las Vegas,Branch,38.0,Doctor,93.0,1.0,9146.19,medium,1
145.54,Debit,Raleigh,Online,21.0,Student,96.0,1.0,1930.96,low,0
40.31999999999999,Debit,Milwaukee,Branch,37.0,Engineer,95.0,1.0,2686.52,medium,2
127.45,Debit,Las Vegas,Online,44.0,Doctor,197.0,1.0,1772.06,medium,1
28.310000000000002,Credit,Miami,Online,59.0,Doctor,20.0,1.0,8334.47,high,2
124.76,Debit,Seattle,Branch,49.0,Engineer,45.0,1.0,5764.72,medium,0
78.13,Debit,Milwaukee,Branch,26.0,Student,145.0,1.0,900.6100000000001,low,2
328.47,Debit,San Antonio,ATM,63.0,Retired,119.0,1.0,4323.66,high,0
55.31999999999999,Debit,Tucson,ATM,19.0,Student,117.0,1.0,241.78999999999996,low,0
304.31,Debit,Louisville,Branch,27.0,Student,33.0,1.0,868.6100000000006,low,2
164.49,Debit,Baltimore,Branch,26.0,Student,75.0,1.0,1509.27,low,3
510.24,Debit,Oklahoma City,Online,19.0,Student,105.0,1.0,781.7000000000003,low,2
425.34,Credit,Kansas City,Online,69.0,Retired,121.0,1.0,3907.54,high,1
169.5,Debit,San Diego,Branch,28.0,Student,142.0,1.0,918.8800000000001,low,0
104.63,Debit,Omaha,ATM,62.0,Retired,90.0,1.0,4477.78,high,2
316.95,Debit,Mesa,Branch,25.0,Student,83.0,1.0,1324.0299999999997,low,2
60.53999999999999,Credit,Columbus,Branch,57.0,Retired,52.0,1.0,3534.93,high,3
292.56,Credit,Dallas,Branch,68.0,Retired,61.0,1.0,4638.37,high,3
386.52,Debit,Indianapolis,Branch,48.0,Engineer,28.0,1.0,5630.61,medium,1
112.07,Debit,Kansas City,Branch,23.0,Student,51.0,1.0,930.3000000000002,low,1
201.33,Credit,Nashville,Branch,42.0,Engineer,186.0,1.0,2585.07,medium,2
521.06,Debit,Albuquerque,Branch,25.0,Student,128.0,1.0,1951.42,low,3
117.28,Credit,Austin,Online,60.0,Engineer,16.0,1.0,3665.77,high,3
143.21,Debit,Dallas,Online,35.0,Engineer,135.0,1.0,6374.82,medium,3
24.77000000000001,Debit,Boston,ATM,62.0,Retired,55.0,1.0,5866.01,high,3
120.29,Debit,Miami,Branch,19.0,Student,77.0,1.0,1362.3900000000003,low,2
174.25,Debit,Seattle,Online,50.0,Doctor,67.0,1.0,10528.34,medium,0
183.71,Debit,Denver,ATM,38.0,Engineer,102.0,1.0,552.5199999999995,medium,1
259.91,Debit,Denver,Online,49.0,Doctor,170.0,1.0,7176.86,medium,1
154.71,Debit,San Diego,Online,34.0,Doctor,157.0,1.0,1523.7200000000003,medium,0
24.560000000000002,Debit,Mesa,Branch,64.0,Doctor,69.0,1.0,9869.93,high,2
392.96,Debit,Kansas City,Online,24.0,Student,100.0,1.0,791.6500000000001,low,1
230.66,Debit,Houston,Branch,21.0,Student,135.0,1.0,618.0500000000002,low,1
508.68000000000006,Credit,Mesa,Branch,51.0,Engineer,127.0,1.0,7708.41,medium,2
25.359999999999957,Debit,Louisville,ATM,57.0,Engineer,78.0,1.0,201.03999999999996,high,2
147.62,Debit,Charlotte,Branch,71.0,Retired,133.0,1.0,2115.8,high,3
115.02,Debit,San Antonio,Branch,37.0,Doctor,175.0,1.0,7643.66,medium,0
383.37,Debit,Fort Worth,Branch,30.0,Engineer,24.0,1.0,8901.93,medium,1
196.16,Debit,Virginia Beach,Branch,27.0,Engineer,146.0,1.0,9418.86,low,0
306.9,Debit,Colorado Springs,Online,46.0,Engineer,51.0,1.0,9418.08,medium,3
114.98,Debit,Seattle,Online,59.0,Retired,80.0,1.0,6144.68,high,0
503.76,Debit,Los Angeles,Online,22.0,Student,35.0,1.0,447.82000000000016,low,2
143.03,Debit,San Antonio,ATM,63.0,Retired,147.0,1.0,7981.45,high,0
254.37,Credit,Dallas,Online,51.0,Engineer,174.0,1.0,8849.26,medium,3
327.86,Debit,Fresno,Online,40.0,Engineer,104.0,1.0,480.15999999999985,medium,1
115.83,Debit,Fresno,Branch,39.0,Engineer,167.0,1.0,6481.04,medium,1
53.56999999999999,Debit,Houston,ATM,69.0,Retired,121.0,1.0,1651.33,high,1
331.65,Debit,Portland,Online,41.0,Engineer,61.0,1.0,4172.57,medium,0
5.039999999999992,Debit,Washington,ATM,56.0,Retired,41.0,1.0,5558.36,high,0
38.150000000000006,Debit,Mesa,Online,26.0,Student,108.0,1.0,303.6799999999994,low,2
124.71999999999998,Debit,Oklahoma City,Branch,33.0,Engineer,105.0,1.0,6309.8,medium,2
486.08000000000004,Debit,Oklahoma City,Online,18.0,Student,68.0,1.0,1748.69,low,2
336.39,Debit,San Antonio,Branch,21.0,Student,18.0,1.0,1000.46,low,0
234.57,Debit,Chicago,Online,23.0,Student,120.0,1.0,263.97999999999956,low,3
45.849999999999994,Debit,Los Angeles,ATM,20.0,Student,92.0,1.0,1659.15,low,2
415.5,Debit,Memphis,ATM,66.0,Doctor,141.0,1.0,10113.66,high,2
265.76,Debit,Philadelphia,Online,54.0,Retired,92.0,1.0,4446.17,high,2
267.9,Debit,San Antonio,Online,20.0,Student,160.0,1.0,596.1599999999999,low,0
83.02000000000001,Credit,Seattle,Online,36.0,Engineer,171.0,1.0,9009.56,medium,0
93.26,Credit,New York,Online,20.0,Student,72.0,1.0,1152.1999999999998,low,2
35.75999999999999,Debit,Charlotte,Branch,23.0,Student,122.0,1.0,611.8600000000001,low,3
28.53,Debit,Washington,Online,62.0,Doctor,99.0,1.0,8670.53,high,0
139.53,Credit,Louisville,Online,53.0,Doctor,177.0,1.0,10098.86,medium,2
60.650000000000006,Credit,Tucson,Branch,56.0,Retired,53.0,1.0,1047.2800000000002,high,0
74.86,Debit,Nashville,Branch,70.0,Doctor,125.0,1.0,6921.48,high,2
231.91,Debit,Memphis,ATM,34.0,Engineer,165.0,1.0,112.76000000000022,medium,2
304.35,Debit,Houston,Branch,31.0,Engineer,36.0,1.0,4057.1,medium,1
281.85,Debit,Detroit,ATM,22.0,Student,109.0,1.0,1585.98,low,1
119.18,Debit,Los Angeles,Branch,56.0,Retired,96.0,1.0,5516.5,high,2
260.88,Debit,Denver,Branch,22.0,Student,36.0,1.0,903.0499999999997,low,1
169.47,Debit,Chicago,Online,24.0,Student,19.0,1.0,1806.1599999999999,low,3
73.23,Debit,Portland,Branch,26.0,Student,14.0,1.0,787.7399999999998,low,0
237.06,Debit,Phoenix,Online,71.0,Retired,46.0,1.0,1182.77,high,0
34.16999999999996,Credit,Philadelphia,Online,54.0,Engineer,54.0,1.0,726.5500000000006,high,2
300.47,Debit,Jacksonville,Branch,73.0,Retired,100.0,1.0,7885.639999999999,high,1
110.93,Credit,Virginia Beach,Branch,19.0,Student,201.0,1.0,1952.35,low,0
399.21,Debit,Portland,ATM,59.0,Engineer,109.0,1.0,3210.39,high,0
444.89,Credit,Las Vegas,Branch,43.0,Doctor,101.0,1.0,10328.23,medium,1
280.57,Credit,Virginia Beach,Online,25.0,Student,24.0,1.0,293.2399999999993,low,0
20.360000000000014,Debit,Tucson,Branch,62.0,Retired,75.0,1.0,2762.48,high,0
307.41,Debit,Los Angeles,ATM,19.0,Student,14.0,1.0,1057.0,low,2
11.180000000000035,Debit,Atlanta,Online,43.0,Doctor,161.0,1.0,5956.89,medium,3
313.82,Debit,Tucson,Branch,59.0,Engineer,151.0,1.0,7261.59,high,0
288.04,Debit,Denver,ATM,68.0,Retired,63.0,1.0,1748.02,high,1
485.5400000000001,Debit,Houston,ATM,46.0,Engineer,143.0,1.0,6371.51,medium,1
116.86,Debit,Louisville,ATM,55.0,Engineer,171.0,1.0,6706.56,high,2
74.88,Debit,Atlanta,ATM,25.0,Student,202.0,1.0,420.6700000000001,low,3
361.27,Debit,Omaha,ATM,63.0,Doctor,180.0,1.0,7945.57,high,2
131.56,Debit,Charlotte,Branch,44.0,Doctor,42.0,1.0,5873.54,medium,3
547.87,Debit,Columbus,ATM,64.0,Retired,131.0,1.0,6155.76,high,3
457.30000000000007,Debit,Virginia Beach,Online,28.0,Engineer,15.0,1.0,8318.29,low,0
506.24,Debit,Chicago,ATM,58.0,Engineer,64.0,1.0,230.09000000000015,high,3
486.59000000000003,Debit,Indianapolis,Branch,57.0,Retired,119.0,1.0,2513.56,high,1
54.03,Credit,Milwaukee,ATM,56.0,Retired,161.0,1.0,6736.3,high,2
33.06,Credit,Fort Worth,Online,53.0,Retired,170.0,1.0,1540.87,medium,1
66.5,Credit,Louisville,Online,32.0,Engineer,144.0,1.0,6820.23,medium,2
78.33,Credit,Memphis,Online,56.0,Engineer,189.0,1.0,7255.33,high,2
40.65999999999997,Debit,Louisville,Branch,59.0,Retired,156.0,1.0,1153.8400000000001,high,2
34.06999999999999,Debit,Philadelphia,Branch,22.0,Student,81.0,1.0,8709.77,low,2
492.06000000000006,Debit,Fresno,Online,23.0,Student,74.0,1.0,857.9000000000001,low,1
73.55,Debit,Atlanta,ATM,51.0,Engineer,158.0,1.0,2812.06,medium,3
371.69000000000005,Debit,San Francisco,Branch,67.0,Retired,143.0,1.0,3484.32,high,0
227.39,Debit,Atlanta,Online,18.0,Student,65.0,1.0,751.0900000000001,low,3
237.99,Credit,Kansas City,Branch,39.0,Doctor,86.0,1.0,8510.09,medium,1
341.15,Debit,San Jose,Online,18.0,Student,148.0,1.0,511.3699999999999,low,0
312.88,Credit,Portland,Branch,54.0,Engineer,44.0,1.0,233.21000000000004,high,0
75.15,Debit,Boston,ATM,23.0,Student,154.0,1.0,1092.92,low,3
23.30000000000001,Debit,Los Angeles,ATM,59.0,Engineer,161.0,1.0,6711.15,high,2
47.380000000000024,Credit,Seattle,Online,25.0,Student,61.0,1.0,459.37000000000035,low,0
488.15,Debit,Louisville,Branch,43.0,Engineer,168.0,1.0,7071.09,medium,2
12.820000000000022,Debit,Fort Worth,ATM,44.0,Engineer,156.0,1.0,9045.19,medium,1
535.91,Debit,Las Vegas,Online,43.0,Engineer,22.0,1.0,9642.12,medium,1
270.72,Credit,Washington,Online,26.0,Engineer,53.0,1.0,6263.96,low,0
97.98000000000002,Debit,Denver,Branch,72.0,Retired,18.0,1.0,7460.33,high,1
196.08,Debit,San Francisco,Online,61.0,Retired,98.0,1.0,4233.82,high,0
44.52000000000001,Debit,El Paso,Online,28.0,Student,205.0,1.0,314.27999999999975,low,1
178.87,Debit,Baltimore,Online,35.0,Doctor,180.0,1.0,5241.23,medium,3
386.68,Debit,New York,Branch,46.0,Doctor,128.0,1.0,6863.06,medium,2
74.84999999999998,Debit,Raleigh,ATM,72.0,Retired,117.0,1.0,2409.7299999999996,high,0
255.04,Debit,Seattle,ATM,45.0,Engineer,152.0,1.0,6217.86,medium,0
45.77000000000001,Debit,Philadelphia,Online,25.0,Student,109.0,1.0,5978.12,low,2
329.69,Credit,San Antonio,Online,26.0,Student,66.0,1.0,1671.6599999999999,low,0
47.41999999999999,Debit,San Diego,ATM,64.0,Doctor,28.0,1.0,8253.52,high,0
35.99000000000001,Debit,Miami,Branch,63.0,Retired,129.0,1.0,4489.79,high,2
48.72,Debit,Virginia Beach,Branch,21.0,Student,17.0,1.0,816.0799999999995,low,0
43.46000000000001,Debit,Boston,ATM,25.0,Student,80.0,1.0,578.0599999999995,low,3
443.79,Debit,Las Vegas,ATM,53.0,Retired,87.0,1.0,3133.85,medium,1
365.14,Debit,Dallas,Online,68.0,Retired,57.0,1.0,5894.09,high,3
20.539999999999992,Debit,Fort Worth,Branch,51.0,Engineer,72.0,1.0,5327.03,medium,1
475.36,Debit,Phoenix,ATM,34.0,Engineer,105.0,1.0,2000.6,medium,0
34.73999999999998,Debit,San Francisco,ATM,56.0,Retired,24.0,1.0,6827.57,high,0
211.18,Debit,Washington,ATM,73.0,Retired,90.0,1.0,4069.17,high,0
61.43000000000001,Debit,Phoenix,Online,24.0,Student,170.0,1.0,1882.77,low,0
361.46,Debit,Nashville,Online,21.0,Student,83.0,1.0,4737.84,low,2
485.5400000000001,Debit,Louisville,Online,19.0,Student,148.0,1.0,1533.3199999999997,low,2
321.15,Debit,Los Angeles,Branch,46.0,Doctor,179.0,1.0,7005.05,medium,2
12.22999999999999,Debit,Houston,ATM,42.0,Engineer,139.0,1.0,7844.88,medium,1
350.94,Debit,Colorado Springs,ATM,20.0,Student,64.0,1.0,221.5599999999995,low,3
301.85,Debit,Columbus,Online,54.0,Engineer,25.0,1.0,6586.19,high,3
29.340000000000003,Debit,Louisville,Online,65.0,Retired,30.0,1.0,3944.82,high,2
231.71,Debit,Raleigh,Branch,27.0,Student,148.0,1.0,1127.98,low,0
36.70999999999998,Debit,Jacksonville,Branch,48.0,Doctor,55.0,1.0,6459.38,medium,1
233.24,Debit,Louisville,ATM,33.0,Engineer,72.0,1.0,6939.23,medium,2
354.4,Debit,Chicago,ATM,74.0,Retired,128.0,1.0,7358.65,high,3
22.629999999999995,Debit,Kansas City,Online,53.0,Engineer,112.0,1.0,4438.03,medium,1
182.19,Debit,Mesa,Branch,26.0,Student,53.0,1.0,1176.1,low,2
288.17,Debit,Virginia Beach,Online,37.0,Engineer,50.00000000000001,1.0,3653.11,medium,0
118.77,Debit,Atlanta,Branch,55.0,Engineer,123.0,1.0,2104.82,high,3
66.65,Debit,Detroit,ATM,37.0,Engineer,33.0,1.0,3559.96,medium,1
98.53,Debit,Denver,Branch,69.0,Retired,166.0,1.0,3564.8,high,1
138.95,Debit,Washington,Online,71.0,Retired,30.0,1.0,6752.92,high,0
33.890000000000015,Debit,Nashville,Branch,26.0,Student,177.0,1.0,1444.75,low,2
23.710000000000036,Debit,Atlanta,Branch,58.0,Doctor,164.0,1.0,10788.89,high,3
17.069999999999993,Debit,Los Angeles,Branch,27.0,Engineer,44.0,1.0,2798.15,low,2
202.11,Debit,Memphis,ATM,27.0,Student,18.0,1.0,746.4700000000007,low,2
308.42,Debit,Nashville,Branch,75.0,Retired,39.0,1.0,5427.81,high,2
11.180000000000035,Debit,Miami,ATM,53.0,Engineer,144.0,1.0,7467.299999999999,medium,2
294.15,Debit,Fresno,Online,38.0,Engineer,136.0,1.0,6362.16,medium,1
139.45,Debit,Boston,Online,27.0,Student,31.0,1.0,1305.7600000000002,low,3
131.43,Debit,Charlotte,Online,43.0,Doctor,65.0,1.0,1337.5,medium,3
516.72,Debit,Mesa,ATM,42.0,Engineer,128.0,1.0,2015.69,medium,2
374.5,Credit,San Francisco,Branch,26.0,Student,178.0,1.0,1671.5100000000002,low,0
466.85,Debit,Austin,Branch,56.0,Retired,165.0,1.0,5422.53,high,3
525.28,Debit,Colorado Springs,ATM,69.0,Retired,134.0,1.0,4693.6,high,3
124.35,Debit,Oklahoma City,ATM,72.0,Retired,90.0,1.0,3319.76,high,2
43.849999999999994,Debit,Fresno,ATM,62.0,Retired,122.0,1.0,4356.98,high,1
283.81,Debit,San Diego,Branch,28.0,Student,29.0,1.0,1519.35,low,0
168.53,Debit,San Francisco,ATM,71.0,Retired,112.0,1.0,5962.58,high,0
218.59,Credit,Denver,Branch,40.0,Engineer,123.0,1.0,6699.23,medium,1
132.84,Debit,Oklahoma City,ATM,21.0,Student,143.0,1.0,822.73,low,2
144.77,Debit,Albuquerque,Online,20.0,Student,159.0,1.0,867.3200000000002,low,3
208.07,Debit,Oklahoma City,Online,32.0,Doctor,36.0,1.0,8478.9,medium,2
295.5,Debit,Mesa,ATM,59.0,Retired,36.0,1.0,6280.66,high,2
30.22999999999996,Debit,Austin,ATM,44.0,Doctor,99.0,1.0,481.13000000000056,medium,3
180.24,Debit,Phoenix,Branch,58.0,Engineer,144.0,1.0,8431.23,high,0
13.710000000000008,Credit,Denver,Online,38.0,Engineer,148.0,1.0,8342.79,medium,1
96.54,Debit,New York,Branch,58.0,Retired,95.0,1.0,7182.22,high,2
101.04,Debit,San Antonio,ATM,27.0,Student,160.0,1.0,1695.5699999999997,low,0
39.66,Debit,Virginia Beach,Branch,52.0,Engineer,169.0,1.0,8497.34,medium,0
99.36,Debit,Seattle,ATM,40.0,Doctor,46.0,1.0,1272.12,medium,0
133.73,Credit,San Jose,Online,25.0,Student,123.0,1.0,1872.2200000000003,low,0
222.39,Debit,Virginia Beach,Online,49.0,Engineer,73.0,1.0,3117.39,medium,0
215.94,Credit,Virginia Beach,Online,22.0,Student,140.0,1.0,1841.69,low,0
202.86,Credit,Memphis,Branch,61.0,Doctor,149.0,1.0,7642.25,high,2
268.39,Debit,Miami,ATM,26.0,Student,171.0,1.0,136.73999999999978,low,2
353.82,Debit,Milwaukee,ATM,42.0,Doctor,143.0,1.0,705.7500000000005,medium,2
364.42,Debit,Colorado Springs,ATM,51.0,Engineer,146.0,1.0,8119.73,medium,3
195.12,Debit,Louisville,ATM,46.0,Doctor,144.0,1.0,6101.15,medium,2
390.35,Credit,Omaha,ATM,64.0,Doctor,61.0,1.0,7095.88,high,2
242.03,Debit,Dallas,Online,58.0,Engineer,124.0,1.0,4382.73,high,3
135.03,Debit,San Francisco,ATM,23.0,Student,180.0,1.0,1278.0,low,0
266.57,Debit,El Paso,ATM,72.0,Retired,100.0,1.0,7676.92,high,1
153.4,Debit,Mesa,ATM,45.0,Engineer,144.0,1.0,4657.7,medium,2
5.1200000000000045,Debit,New York,Branch,34.0,Engineer,90.0,1.0,3293.01,medium,2
119.11,Debit,Detroit,ATM,57.0,Engineer,131.0,1.0,7998.25,high,1
119.72,Debit,Tucson,Branch,30.0,Engineer,123.0,1.0,3435.34,medium,0
107.4,Debit,Virginia Beach,Online,58.0,Doctor,32.0,1.0,344.0700000000006,high,0
115.92,Debit,Raleigh,ATM,53.0,Retired,57.0,1.0,3897.17,medium,0
299.09,Credit,Boston,Branch,36.0,Engineer,84.0,1.0,5615.26,medium,3
461.52,Credit,Denver,Branch,24.0,Student,44.0,1.0,1995.1800000000003,low,1
100.52,Debit,Las Vegas,ATM,50.0,Engineer,110.0,1.0,453.3899999999999,medium,1
85.35,Debit,Washington,ATM,66.0,Retired,166.0,1.0,2173.76,high,0
79.76,Debit,Raleigh,Branch,39.0,Engineer,170.0,1.0,6452.14,medium,0
386.38,Debit,Phoenix,Online,42.0,Engineer,135.0,1.0,5528.36,medium,0
14.289999999999992,Debit,Los Angeles,ATM,34.0,Engineer,150.0,1.0,7016.99,medium,2
232.79,Credit,Indianapolis,Branch,55.0,Retired,145.0,1.0,2661.3,high,1
293.97,Debit,Phoenix,Branch,68.0,Retired,153.0,1.0,7371.85,high,0
136.32,Debit,Miami,Online,19.0,Student,113.0,1.0,264.8299999999995,low,2
251.06,Debit,Colorado Springs,Online,36.0,Doctor,34.0,1.0,10001.66,medium,3
73.27999999999999,Debit,Boston,Branch,21.0,Student,21.0,1.0,1329.4099999999999,low,3
54.609999999999985,Debit,Milwaukee,ATM,58.0,Engineer,160.0,1.0,7135.64,high,2
54.04999999999998,Debit,Louisville,Branch,27.0,Student,146.0,1.0,469.1400000000003,low,2
107.47,Debit,Austin,Online,67.0,Retired,144.0,1.0,7517.5,high,3
219.63,Debit,Charlotte,ATM,48.0,Doctor,44.0,1.0,8013.630000000001,medium,3
93.51999999999998,Debit,Philadelphia,Online,51.0,Engineer,97.0,1.0,2791.2,medium,2
275.92,Credit,Nashville,Branch,62.0,Retired,107.0,1.0,1777.38,high,2
442.74,Debit,San Diego,Branch,23.0,Student,136.0,1.0,1790.27,low,0
63.41,Debit,Fort Worth,ATM,26.0,Student,36.0,1.0,1546.2200000000003,low,1
346.85,Debit,Kansas City,ATM,44.0,Doctor,88.0,1.0,7208.15,medium,1
7.5,Debit,Dallas,Online,63.0,Retired,36.0,1.0,6485.78,high,3
423.11,Debit,Columbus,ATM,60.0,Engineer,47.0,1.0,412.77999999999975,high,3
35.84,Credit,Colorado Springs,Online,54.0,Retired,172.0,1.0,4795.65,high,3
88.6,Credit,Raleigh,Branch,28.0,Student,105.0,1.0,246.5699999999997,low,0
22.460000000000008,Debit,New York,Online,54.0,Retired,78.0,1.0,6631.5,high,2
319.27,Credit,Omaha,Online,54.0,Retired,59.0,1.0,5504.01,high,2
144.3,Debit,Oklahoma City,ATM,18.0,Student,88.0,1.0,312.1899999999996,low,2
348.7,Credit,Fresno,Branch,69.0,Retired,149.0,1.0,2445.58,high,1
366.21,Debit,Oklahoma City,ATM,62.0,Doctor,181.0,1.0,10862.99,high,2
539.35,Debit,Milwaukee,ATM,55.0,Retired,127.0,1.0,3919.44,high,2
188.99,Debit,Oklahoma City,Branch,58.0,Engineer,92.0,1.0,7315.34,high,2
308.68,Debit,Milwaukee,Online,53.0,Doctor,170.0,1.0,9992.36,medium,2
166.68,Debit,Mesa,ATM,57.0,Retired,139.0,1.0,5141.19,high,2
66.58000000000001,Debit,Raleigh,Branch,23.0,Student,79.0,1.0,1636.3199999999997,low,0
286.5,Credit,Boston,Branch,30.0,Engineer,60.0,1.0,8517.95,medium,3
157.97,Debit,Philadelphia,Branch,48.0,Doctor,140.0,1.0,5529.92,medium,2
254.77,Debit,Denver,Branch,57.0,Engineer,57.0,1.0,5994.87,high,1
149.25,Debit,Omaha,ATM,39.0,Engineer,142.0,1.0,5677.52,medium,2
68.19,Credit,Fresno,Online,40.0,Doctor,189.0,1.0,9895.1,medium,1
37.56999999999999,Debit,El Paso,ATM,57.0,Retired,42.0,1.0,7739.54,high,1
448.33,Debit,Atlanta,ATM,25.0,Student,161.0,1.0,922.19,low,3
539.81,Debit,San Francisco,Online,46.0,Engineer,177.0,1.0,2051.25,medium,0
363.53,Debit,Kansas City,ATM,63.0,Retired,142.0,1.0,1038.9100000000003,high,1
64.9,Credit,Detroit,Branch,51.0,Retired,72.0,1.0,6854.61,medium,1
358.18,Debit,Boston,ATM,18.0,Student,157.0,1.0,619.8599999999997,low,3
137.57,Debit,Louisville,Online,54.0,Engineer,70.0,1.0,5103.67,high,2
463.9200000000001,Debit,Mesa,Online,50.0,Engineer,199.0,1.0,2403.39,medium,2
320.14,Debit,Milwaukee,Online,60.0,Retired,96.0,1.0,3075.97,high,2
214.93,Debit,Albuquerque,Online,28.0,Student,52.0,1.0,7835.4,low,3
345.81,Debit,Raleigh,Branch,40.0,Engineer,135.0,1.0,6116.8,medium,0
143.54,Debit,Philadelphia,ATM,71.0,Retired,80.0,1.0,6067.62,high,2
541.79,Debit,Mesa,ATM,22.0,Student,125.0,1.0,1454.08,low,2
40.56999999999999,Debit,Columbus,Branch,26.0,Student,63.0,1.0,1476.9099999999999,low,3
59.44,Debit,Chicago,Online,35.0,Engineer,176.0,1.0,5472.03,medium,3
230.46,Debit,Mesa,Online,19.0,Student,179.0,1.0,162.52999999999975,low,2
65.09,Credit,Seattle,Online,44.0,Engineer,159.0,1.0,9370.9,medium,0
457.09,Credit,Nashville,Online,55.0,Engineer,63.0,1.0,8570.82,high,2
552.02,Credit,Chicago,ATM,44.0,Engineer,100.0,1.0,522.0799999999999,medium,3
377.12,Debit,Houston,ATM,34.0,Engineer,61.0,1.0,836.6699999999996,medium,1
204.56,Credit,San Diego,Branch,18.0,Student,179.0,1.0,364.7200000000007,low,0
420.28,Debit,Washington,Branch,35.0,Doctor,144.0,1.0,8557.32,medium,0
124.59,Debit,Charlotte,Branch,27.0,Student,171.0,1.0,129.28999999999996,low,3
73.88,Debit,Charlotte,Online,39.0,Doctor,34.0,1.0,6474.41,medium,3
245.93,Debit,Fresno,Branch,54.0,Engineer,172.0,1.0,7986.630000000001,high,1
43.72999999999999,Debit,Omaha,ATM,34.0,Doctor,145.0,1.0,9929.43,medium,2
2.0299999999999727,Credit,Detroit,ATM,33.0,Engineer,28.0,1.0,3012.31,medium,1
356.1,Credit,Fort Worth,Branch,26.0,Student,187.0,1.0,868.3499999999999,low,1
119.89,Debit,Tucson,ATM,67.0,Doctor,60.0,1.0,6697.77,high,0
12.039999999999992,Debit,Fort Worth,Online,37.0,Engineer,58.0,1.0,6213.32,medium,1
29.379999999999995,Credit,Baltimore,Branch,28.0,Student,63.0,1.0,1663.31,low,3
319.85,Debit,Denver,ATM,60.0,Doctor,148.0,1.0,711.6599999999999,high,1
350.14,Credit,Los Angeles,Online,75.0,Retired,38.0,1.0,2403.25,high,2
163.94,Credit,Virginia Beach,Branch,52.0,Retired,73.0,1.0,5957.37,medium,0
170.53,Debit,Oklahoma City,Branch,24.0,Student,58.0,1.0,801.0100000000002,low,2
350.46,Debit,Nashville,Branch,51.0,Retired,165.0,1.0,5839.38,medium,2
220.41,Credit,El Paso,Online,26.0,Engineer,155.0,1.0,5116.98,low,1
33.45999999999998,Debit,Seattle,ATM,72.0,Retired,111.0,1.0,3641.07,high,0
246.27,Debit,Fresno,Online,29.0,Doctor,141.0,1.0,7299.86,low,1
48.849999999999994,Debit,Dallas,ATM,19.0,Student,176.0,1.0,1503.56,low,3
332.0,Debit,Charlotte,ATM,69.0,Retired,17.0,1.0,5943.13,high,3
118.1,Debit,Memphis,Online,54.0,Engineer,167.0,1.0,895.6599999999999,high,2
295.64,Debit,Jacksonville,Online,21.0,Student,82.0,1.0,1061.9600000000005,low,1
514.33,Debit,Philadelphia,Branch,25.0,Student,160.0,1.0,1592.94,low,2
94.59,Debit,Washington,Online,39.0,Doctor,34.0,1.0,6171.89,medium,0
80.43,Debit,Columbus,Branch,59.0,Retired,157.0,1.0,5987.67,high,3
518.8499999999999,Debit,Kansas City,Online,22.0,Student,82.0,1.0,1806.0,low,1
107.02999999999999,Debit,Miami,Branch,27.0,Student,73.0,1.0,1408.0699999999997,low,2
138.06,Debit,Charlotte,Branch,44.0,Engineer,159.0,1.0,1070.4700000000007,medium,3
158.02,Debit,New York,ATM,49.0,Engineer,120.0,1.0,9374.24,medium,2
110.49,Debit,Raleigh,Online,57.0,Doctor,48.00000000000001,1.0,10483.93,high,0
329.4,Debit,Denver,Online,34.0,Doctor,68.0,1.0,9588.07,medium,1
175.07,Debit,Colorado Springs,Branch,26.0,Student,169.0,1.0,1040.25,low,3
56.120000000000005,Debit,El Paso,ATM,30.0,Doctor,102.0,1.0,8839.67,medium,1
424.70000000000005,Credit,Miami,Online,56.0,Retired,178.0,1.0,6239.89,high,2
35.72999999999999,Debit,Miami,Branch,65.0,Doctor,87.0,1.0,9073.17,high,2
139.03,Credit,Los Angeles,Online,50.0,Engineer,81.0,1.0,2276.5700000000006,medium,2
254.92,Credit,San Antonio,ATM,28.0,Engineer,169.0,1.0,2791.12,low,0
115.11,Debit,Albuquerque,Online,28.0,Engineer,139.0,1.0,9808.97,low,3
171.11,Debit,San Francisco,ATM,57.0,Retired,171.0,1.0,6324.09,high,0
408.46,Debit,Raleigh,Branch,64.0,Retired,28.0,1.0,3140.79,high,0
22.810000000000002,Debit,New York,Online,62.0,Retired,75.0,1.0,3634.76,high,2
266.57,Credit,Boston,Online,39.0,Engineer,96.0,1.0,7180.48,medium,3
374.61,Credit,Mesa,Online,75.0,Retired,37.0,1.0,1389.71,high,2
9.830000000000013,Debit,Memphis,ATM,24.0,Student,86.0,1.0,666.4200000000001,low,2
340.05,Debit,Detroit,ATM,43.0,Engineer,37.0,1.0,7234.15,medium,1
283.45,Debit,Colorado Springs,Branch,27.0,Engineer,127.0,1.0,2049.51,low,3
100.99,Debit,New York,ATM,68.0,Doctor,114.0,1.0,8865.27,high,2
90.88,Debit,Albuquerque,Branch,18.0,Student,176.0,1.0,3908.47,low,3
320.55,Debit,Milwaukee,Online,50.0,Engineer,118.0,1.0,438.75,medium,2
41.50999999999999,Debit,Phoenix,Online,28.0,Student,48.00000000000001,1.0,609.5999999999995,low,0
71.53,Credit,Jacksonville,Branch,68.0,Retired,39.0,1.0,2393.73,high,1
467.13,Credit,Kansas City,Branch,54.0,Retired,45.0,1.0,3914.84,high,1
235.4,Debit,Detroit,Branch,28.0,Student,70.0,1.0,818.3600000000001,low,1
159.32,Debit,Seattle,Branch,18.0,Student,100.0,1.0,304.44000000000005,low,0
50.83000000000001,Credit,Philadelphia,Online,30.0,Doctor,48.00000000000001,1.0,9553.42,medium,2
56.890000000000015,Credit,Houston,Branch,59.0,Engineer,56.0,1.0,3034.67,high,1
20.22,Debit,Jacksonville,ATM,43.0,Engineer,138.0,1.0,5515.32,medium,1
50.400000000000006,Debit,San Antonio,Branch,36.0,Doctor,84.0,1.0,1677.0100000000002,medium,0
73.88,Debit,Los Angeles,Branch,53.0,Retired,131.0,1.0,4055.55,medium,2
119.61,Debit,San Diego,ATM,33.0,Doctor,53.0,1.0,9899.94,medium,0
156.26,Credit,Virginia Beach,Branch,46.0,Engineer,160.0,1.0,7854.1,medium,0
427.0,Credit,Oklahoma City,Branch,49.0,Engineer,163.0,1.0,8253.65,medium,2
67.57,Debit,Charlotte,Branch,37.0,Engineer,107.0,1.0,2766.12,medium,3
326.29,Debit,Denver,Online,56.0,Engineer,179.0,1.0,8171.26,high,1
158.56,Debit,Sacramento,ATM,33.0,Doctor,100.0,1.0,5401.21,medium,0
56.02000000000001,Debit,Memphis,Online,27.0,Student,142.0,1.0,3548.02,low,2
245.67,Credit,Portland,Branch,24.0,Student,107.0,1.0,752.25,low,0
114.35,Credit,El Paso,Branch,41.0,Engineer,21.0,1.0,469.1199999999999,medium,1
504.63,Debit,Portland,Online,60.0,Engineer,168.0,1.0,3806.16,high,0
8.370000000000005,Debit,Colorado Springs,ATM,63.0,Retired,135.0,1.0,1106.3399999999997,high,3
197.49,Credit,Fresno,Online,53.0,Retired,30.0,1.0,5005.33,medium,1
13.52000000000001,Debit,Seattle,ATM,26.0,Student,65.0,1.0,259.77,low,0
139.72,Debit,Memphis,Branch,49.0,Engineer,201.0,1.0,5058.83,medium,2
10.069999999999993,Debit,Albuquerque,Online,24.0,Student,49.00000000000001,1.0,530.8100000000004,low,3
120.62,Debit,Raleigh,ATM,23.0,Student,85.0,1.0,9379.53,low,0
578.49,Debit,Nashville,Branch,59.0,Retired,180.0,1.0,6475.13,high,2
280.92,Debit,Phoenix,Online,41.0,Doctor,168.0,1.0,5298.85,medium,0
42.41999999999999,Debit,Sacramento,Online,21.0,Student,102.0,1.0,490.57000000000016,low,0
22.590000000000003,Debit,Seattle,ATM,62.0,Retired,45.0,1.0,3988.75,high,0
568.76,Debit,Baltimore,ATM,51.0,Retired,155.0,1.0,7484.32,medium,3
105.94,Debit,Oklahoma City,Branch,51.0,Engineer,207.0,1.0,5963.1,medium,2
350.15,Credit,Fresno,ATM,21.0,Student,195.0,1.0,296.4700000000007,low,1
278.27,Debit,Tucson,Branch,29.0,Doctor,123.0,1.0,6684.34,low,0
470.30000000000007,Debit,Austin,ATM,40.0,Doctor,88.0,1.0,8524.09,medium,3
261.69,Debit,Philadelphia,ATM,53.0,Retired,84.0,1.0,5126.65,medium,2
365.04,Debit,Virginia Beach,Branch,22.0,Student,94.0,1.0,873.8899999999994,low,0
211.1,Debit,Miami,Branch,57.0,Retired,136.0,1.0,7059.77,high,2
63.58000000000001,Debit,Columbus,ATM,18.0,Student,199.0,1.0,8086.040000000001,low,3
313.65,Credit,Chicago,Branch,55.0,Retired,173.0,1.0,1886.3599999999997,high,3
99.76,Debit,Sacramento,Branch,26.0,Student,131.0,1.0,416.8900000000003,low,0
115.32,Debit,Denver,Branch,53.0,Retired,113.0,1.0,5929.08,medium,1
33.609999999999985,Debit,Milwaukee,Online,23.0,Student,72.0,1.0,479.0799999999999,low,2
498.59000000000003,Credit,Oklahoma City,Online,33.0,Doctor,32.0,1.0,5862.99,medium,2
98.81,Debit,San Francisco,Branch,27.0,Student,91.0,1.0,797.0999999999999,low,0
1.8700000000000045,Debit,Washington,ATM,65.0,Retired,147.0,1.0,7287.94,high,0
78.92,Credit,Jacksonville,Online,59.0,Engineer,95.0,1.0,5624.86,high,1
105.53,Debit,Colorado Springs,Online,24.0,Student,88.0,1.0,1433.6599999999999,low,3
237.86,Debit,Philadelphia,ATM,18.0,Student,210.0,1.0,475.63000000000056,low,2
75.53,Credit,Fresno,Online,21.0,Student,157.0,1.0,1034.3499999999995,low,1
39.109999999999985,Debit,Columbus,Online,26.0,Student,143.0,1.0,518.54,low,3
137.49,Debit,Fort Worth,ATM,34.0,Engineer,50.00000000000001,1.0,4471.05,medium,1
504.71000000000004,Debit,Detroit,Online,29.0,Engineer,61.0,1.0,6214.54,low,1
371.47,Credit,Milwaukee,Branch,24.0,Student,58.0,1.0,1187.04,low,2
430.35,Debit,Charlotte,Online,36.0,Doctor,205.0,1.0,354.89999999999964,medium,3
230.32,Debit,Las Vegas,Branch,35.0,Engineer,56.0,1.0,791.46,medium,1
121.70999999999998,Debit,Chicago,ATM,52.0,Retired,140.0,1.0,5878.89,medium,3
98.87,Debit,Detroit,Online,20.0,Student,179.0,1.0,533.1999999999998,low,1
117.55,Debit,Fresno,ATM,24.0,Student,35.0,1.0,897.94,low,1
244.64,Debit,Tucson,Branch,30.0,Doctor,103.0,1.0,9159.56,medium,0
346.65,Debit,Washington,Online,30.0,Engineer,60.0,1.0,6356.96,medium,0
29.22,Debit,San Antonio,ATM,24.0,Student,151.0,1.0,1649.4300000000003,low,0
46.75,Debit,Colorado Springs,Branch,67.0,Retired,150.0,1.0,2840.43,high,3
348.64,Debit,San Jose,Online,57.0,Retired,128.0,1.0,3274.96,high,0
319.17,Debit,Tucson,Online,73.0,Retired,81.0,1.0,6501.56,high,0
73.95,Debit,Kansas City,ATM,26.0,Student,76.0,1.0,363.9200000000001,low,1
389.63,Debit,Mesa,Online,27.0,Engineer,99.0,1.0,9748.48,low,2
217.61,Debit,Chicago,ATM,19.0,Student,45.0,1.0,1404.5299999999997,low,3
199.84,Debit,Dallas,ATM,21.0,Student,150.0,1.0,706.44,low,3
56.349999999999994,Debit,Charlotte,ATM,44.0,Doctor,75.0,1.0,5095.73,medium,3
248.95,Credit,San Francisco,Branch,65.0,Retired,29.0,1.0,3059.79,high,0
142.58,Debit,San Antonio,ATM,33.0,Engineer,145.0,1.0,7844.23,medium,0
333.78,Debit,San Diego,ATM,60.0,Retired,98.0,1.0,6810.94,high,0
332.59,Debit,San Antonio,Online,55.0,Retired,143.0,1.0,1457.0699999999997,high,0
236.81,Debit,Oklahoma City,Branch,22.0,Student,15.0,1.0,813.6799999999994,low,2
417.8,Credit,Philadelphia,Branch,27.0,Student,130.0,1.0,1518.8199999999997,low,2
319.27,Debit,San Antonio,ATM,50.0,Doctor,150.0,1.0,10269.78,medium,0
474.77,Credit,Indianapolis,Online,56.0,Engineer,50.00000000000001,1.0,2158.59,high,1
542.72,Credit,Indianapolis,Branch,43.0,Doctor,92.0,1.0,6011.8,medium,1
79.8,Debit,Fort Worth,ATM,73.0,Retired,76.0,1.0,6372.58,high,1
46.24000000000001,Debit,San Diego,Branch,57.0,Engineer,52.0,1.0,2569.56,high,0
327.8,Debit,San Francisco,ATM,61.0,Doctor,54.0,1.0,10585.48,high,0
445.7900000000001,Debit,Las Vegas,ATM,52.0,Doctor,161.0,1.0,717.9899999999993,medium,1
55.890000000000015,Debit,Fresno,Online,72.0,Retired,150.0,1.0,3689.65,high,1
158.41,Debit,Sacramento,Branch,28.0,Student,16.0,1.0,1512.1599999999999,low,0
61.97,Debit,Phoenix,ATM,74.0,Retired,95.0,1.0,7014.69,high,0
176.11,Debit,San Jose,Branch,38.0,Engineer,105.0,1.0,9155.35,medium,0
88.4,Debit,Fort Worth,Online,46.0,Engineer,174.0,1.0,2567.53,medium,1
567.92,Debit,Columbus,Online,53.0,Retired,14.0,1.0,3779.47,medium,3
138.11,Credit,Phoenix,Online,68.0,Retired,104.0,1.0,4177.65,high,0
456.93,Credit,Virginia Beach,Branch,28.0,Engineer,193.0,1.0,7284.76,low,0
101.42,Debit,Atlanta,Online,66.0,Retired,146.0,1.0,6530.59,high,3
300.61,Debit,El Paso,Online,44.0,Doctor,51.0,1.0,7895.539999999999,medium,1
265.94,Debit,Boston,Online,54.0,Engineer,132.0,1.0,6781.3,high,3
345.54,Debit,San Diego,Online,29.0,Engineer,50.00000000000001,1.0,2091.78,low,0
111.20999999999998,Debit,Portland,Branch,35.0,Doctor,111.0,1.0,9088.36,medium,0
316.37,Debit,Colorado Springs,ATM,53.0,Engineer,86.0,1.0,4671.69,medium,3
260.63,Debit,Fort Worth,Branch,37.0,Engineer,142.0,1.0,7534.73,medium,1
92.35999999999999,Debit,Dallas,ATM,29.0,Engineer,144.0,1.0,6353.14,low,3
175.94,Debit,Indianapolis,ATM,57.0,Retired,89.0,1.0,3728.04,high,1
199.47,Debit,Detroit,Online,57.0,Doctor,142.0,1.0,6067.44,high,1
51.06999999999999,Debit,Dallas,Branch,63.0,Retired,133.0,1.0,4292.16,high,3
435.86,Debit,Jacksonville,ATM,56.0,Retired,134.0,1.0,3801.82,high,1
74.73,Credit,Jacksonville,Branch,64.0,Retired,162.0,1.0,6353.22,high,1
182.79,Credit,Louisville,Online,23.0,Student,14.0,1.0,1251.85,low,2
268.39,Debit,San Antonio,Online,29.0,Doctor,177.0,1.0,9409.43,low,0
560.15,Credit,Memphis,Online,50.0,Engineer,92.0,1.0,817.8300000000004,medium,2
132.36,Debit,Colorado Springs,Branch,28.0,Student,160.0,1.0,319.64999999999964,low,3
24.77000000000001,Credit,Nashville,Online,40.0,Engineer,17.0,1.0,478.23,medium,2
80.23999999999998,Credit,New York,Branch,53.0,Doctor,58.0,1.0,8012.8099999999995,medium,2
8.650000000000006,Debit,Mesa,ATM,68.0,Retired,198.0,1.0,4201.22,high,2
178.91,Debit,Omaha,ATM,18.0,Student,19.0,1.0,8870.89,low,2
115.22,Debit,San Francisco,Branch,27.0,Engineer,108.0,1.0,906.1999999999998,low,0
542.7499999999999,Credit,Nashville,Branch,70.0,Retired,63.0,1.0,2224.08,high,2
280.99,Debit,Houston,Branch,45.0,Engineer,29.0,1.0,9733.59,medium,1
24.18999999999997,Debit,San Diego,ATM,29.0,Engineer,28.0,1.0,2756.2,low,0
372.41,Debit,San Diego,ATM,55.0,Retired,143.0,1.0,3233.87,high,0
247.17,Credit,Chicago,Branch,65.0,Retired,149.0,1.0,2611.64,high,3
48.77999999999997,Credit,Kansas City,Branch,18.0,Student,136.0,1.0,552.06,low,1
4.150000000000006,Credit,Omaha,Branch,60.0,Retired,119.0,1.0,6017.36,high,2
60.99000000000001,Debit,Oklahoma City,Branch,34.0,Engineer,58.0,1.0,7281.46,medium,2
70.03,Debit,Nashville,Branch,63.0,Retired,49.00000000000001,1.0,7330.31,high,2
324.04,Debit,Virginia Beach,ATM,54.0,Retired,30.0,1.0,2248.06,high,0
39.69,Debit,Austin,Online,70.0,Retired,163.0,1.0,3524.68,high,3
81.27,Credit,Seattle,Online,22.0,Student,68.0,1.0,1814.48,low,0
193.82,Debit,Kansas City,Branch,37.0,Engineer,176.0,1.0,3886.77,medium,1
153.59,Credit,Portland,Branch,66.0,Retired,174.0,1.0,4813.12,high,0
186.6,Debit,Tucson,Branch,18.0,Student,139.0,1.0,9716.68,low,0
233.1,Credit,Nashville,Branch,42.0,Doctor,37.0,1.0,7469.2,medium,2
224.19,Debit,Houston,ATM,52.0,Doctor,93.0,1.0,8475.47,medium,1
214.83,Credit,Tucson,ATM,23.0,Student,63.0,1.0,991.6900000000005,low,0
163.46,Credit,Baltimore,Branch,63.0,Retired,111.0,1.0,6953.8,high,3
194.99,Debit,Jacksonville,Branch,34.0,Engineer,91.0,1.0,1370.0299999999997,medium,1
259.9,Debit,Oklahoma City,Online,26.0,Student,100.0,1.0,914.2799999999997,low,2
59.50999999999999,Credit,Dallas,Online,36.0,Doctor,55.0,1.0,9955.88,medium,3
112.94,Credit,San Antonio,Online,73.0,Retired,31.0,1.0,3807.84,high,0
11.810000000000002,Debit,Phoenix,ATM,21.0,Student,131.0,1.0,320.25,low,0
154.24,Debit,Mesa,ATM,61.0,Retired,82.0,1.0,6109.55,high,2
98.71,Debit,Fort Worth,ATM,32.0,Doctor,117.0,1.0,10095.23,medium,1
267.55,Debit,Charlotte,Online,46.0,Engineer,40.0,1.0,4330.04,medium,3
103.76,Debit,Kansas City,Online,28.0,Engineer,188.0,1.0,9626.14,low,1
53.50999999999999,Debit,New York,Online,56.0,Retired,165.0,1.0,5773.5,high,2
120.17,Debit,Portland,ATM,49.0,Doctor,105.0,1.0,5403.79,medium,0
220.8,Debit,Indianapolis,Online,31.0,Engineer,28.0,1.0,8135.31,medium,1
119.01,Debit,Philadelphia,ATM,45.0,Doctor,87.0,1.0,9798.26,medium,2
183.32,Debit,Raleigh,ATM,21.0,Student,74.0,1.0,137.42000000000007,low,0
11.460000000000008,Credit,San Francisco,Online,41.0,Engineer,128.0,1.0,2356.71,medium,0
61.370000000000005,Debit,Columbus,Branch,75.0,Retired,164.0,1.0,4294.44,high,3
103.08,Credit,Milwaukee,Branch,49.0,Engineer,150.0,1.0,9251.38,medium,2
425.18,Credit,Colorado Springs,Online,26.0,Engineer,172.0,1.0,9880.71,low,3
523.02,Debit,Jacksonville,Online,53.0,Retired,83.0,1.0,4586.11,medium,1
50.25999999999999,Debit,Las Vegas,Branch,65.0,Retired,164.0,1.0,1519.38,high,1
110.08,Debit,Detroit,Branch,19.0,Student,95.0,1.0,1447.2600000000002,low,1
54.47,Credit,Philadelphia,Branch,23.0,Student,34.0,1.0,1131.42,low,2
79.76,Debit,Kansas City,Online,68.0,Doctor,115.0,1.0,10278.75,high,1
16.789999999999992,Credit,Detroit,Online,30.0,Doctor,146.0,1.0,535.1500000000001,medium,1
328.34,Credit,San Diego,Online,42.0,Engineer,31.0,1.0,2840.45,medium,0
72.68,Debit,Seattle,Online,69.0,Retired,44.0,1.0,6216.77,high,0
29.22,Debit,Detroit,ATM,27.0,Engineer,69.0,1.0,7795.79,low,1
366.43,Credit,Portland,Online,21.0,Student,92.0,1.0,1560.4499999999998,low,0
233.74,Debit,Boston,Online,72.0,Retired,142.0,1.0,4749.54,high,3
471.84000000000003,Debit,Raleigh,ATM,18.0,Student,138.0,1.0,1044.33,low,0
213.4,Credit,Fort Worth,Branch,73.0,Retired,100.0,1.0,2012.2399999999998,high,1
254.21,Debit,Phoenix,ATM,48.0,Engineer,46.0,1.0,2487.2,medium,0
330.61,Credit,Nashville,Branch,64.0,Retired,113.0,1.0,2525.25,high,2
132.33,Credit,Phoenix,ATM,35.0,Engineer,47.0,1.0,7457.94,medium,0
74.04,Debit,Memphis,Online,18.0,Student,66.0,1.0,1690.23,low,2
197.18,Debit,Tucson,Online,28.0,Engineer,135.0,1.0,3114.92,low,0
148.0,Debit,Tucson,Branch,20.0,Student,35.0,1.0,1488.65,low,0
22.25999999999999,Debit,San Antonio,Branch,19.0,Student,56.0,1.0,5583.88,low,0
0.8600000000000421,Debit,Colorado Springs,ATM,25.0,Student,139.0,1.0,1357.2200000000003,low,3
38.81,Credit,Virginia Beach,Online,25.0,Student,145.0,1.0,1619.6,low,0
20.640000000000015,Debit,Charlotte,Branch,22.0,Student,59.0,1.0,949.3800000000001,low,3
214.73,Credit,Los Angeles,ATM,46.0,Doctor,26.0,1.0,5368.42,medium,2
25.379999999999995,Debit,Louisville,Branch,57.0,Engineer,66.0,1.0,8616.05,high,2
446.39,Debit,Houston,ATM,63.0,Retired,77.0,1.0,7863.6,high,1
377.92,Debit,Raleigh,Branch,33.0,Engineer,204.0,1.0,2254.71,medium,0
11.039999999999992,Debit,Phoenix,Online,30.0,Engineer,43.0,1.0,6983.04,medium,0
275.46,Debit,Fort Worth,ATM,36.0,Doctor,67.0,1.0,9697.75,medium,1
32.34,Debit,Kansas City,Branch,44.0,Doctor,45.0,1.0,7847.619999999999,medium,1
388.98,Debit,Fresno,ATM,23.0,Student,155.0,1.0,1819.9099999999999,low,1
492.84000000000003,Debit,Indianapolis,ATM,25.0,Student,38.0,1.0,577.6700000000005,low,1
148.85,Debit,Mesa,ATM,57.0,Doctor,25.0,1.0,7802.360000000001,high,2
185.99,Credit,Fresno,Branch,41.0,Engineer,53.0,1.0,402.4499999999998,medium,1
322.48,Debit,Jacksonville,ATM,27.0,Student,57.0,1.0,1238.4300000000003,low,1
20.27000000000001,Debit,Miami,Branch,18.0,Student,22.0,1.0,796.3499999999999,low,2
104.23,Credit,Louisville,Online,63.0,Retired,108.0,1.0,5009.29,high,2
55.859999999999985,Debit,Seattle,Online,39.0,Engineer,68.0,1.0,5346.46,medium,0
95.54999999999998,Debit,Louisville,Branch,33.0,Engineer,51.0,1.0,2434.74,medium,2
21.409999999999968,Debit,Louisville,Online,57.0,Doctor,99.0,1.0,658.9099999999999,high,2
278.28,Debit,Jacksonville,Branch,28.0,Student,26.0,1.0,1346.88,low,1
19.590000000000003,Debit,Charlotte,Branch,64.0,Retired,122.0,1.0,1061.69,high,3
81.35,Debit,Houston,Online,41.0,Engineer,103.0,1.0,7192.45,medium,1
472.48,Debit,New York,Branch,55.0,Engineer,87.0,1.0,7128.82,high,2
67.15,Debit,Indianapolis,Online,59.0,Doctor,14.0,1.0,9028.49,high,1
453.49,Debit,Seattle,Branch,66.0,Doctor,147.0,1.0,6366.43,high,0
267.17,Debit,Seattle,ATM,26.0,Student,170.0,1.0,1382.62,low,0
213.28,Debit,Mesa,Branch,51.0,Retired,94.0,1.0,4835.91,medium,2
187.88,Debit,Nashville,ATM,60.0,Engineer,180.0,1.0,2154.58,high,2
83.79,Debit,Nashville,ATM,57.0,Engineer,47.0,1.0,5061.3,high,2
4.240000000000009,Debit,San Diego,Online,38.0,Engineer,38.0,1.0,7822.73,medium,0
50.28999999999999,Credit,Raleigh,Online,58.0,Doctor,64.0,1.0,7604.9,high,0
127.8,Credit,Virginia Beach,Branch,31.0,Engineer,47.0,1.0,8630.99,medium,0
16.72999999999999,Debit,Houston,Online,45.0,Engineer,48.00000000000001,1.0,2202.62,medium,1
156.58,Debit,Portland,Branch,24.0,Student,160.0,1.0,8981.61,low,0
15.740000000000009,Debit,Denver,Branch,27.0,Student,38.0,1.0,690.1600000000003,low,1
75.04,Debit,El Paso,ATM,49.0,Engineer,178.0,1.0,9648.6,medium,1
273.92,Debit,Virginia Beach,Online,28.0,Student,35.0,1.0,1029.15,low,0
215.8,Credit,Jacksonville,Branch,51.0,Retired,66.0,1.0,3656.62,medium,1
420.6,Debit,Louisville,Branch,26.0,Student,55.0,1.0,1778.75,low,2
213.55,Debit,Boston,ATM,63.0,Doctor,15.0,1.0,5238.37,high,3
463.11,Credit,Las Vegas,Branch,51.0,Doctor,159.0,1.0,10238.82,medium,1
309.56,Debit,Charlotte,Online,58.0,Doctor,147.0,1.0,972.04,high,3
377.08,Credit,Mesa,Branch,26.0,Student,71.0,1.0,6430.86,low,2
126.6,Debit,San Antonio,Branch,22.0,Student,146.0,1.0,961.6499999999996,low,0
101.34000000000002,Debit,Boston,ATM,24.0,Student,46.0,1.0,703.2600000000007,low,3
451.15,Debit,Colorado Springs,ATM,46.0,Engineer,175.0,1.0,1356.4700000000003,medium,3
516.47,Credit,Charlotte,ATM,25.0,Student,94.0,1.0,1305.06,low,3
66.69,Credit,San Antonio,Branch,25.0,Student,140.0,1.0,1210.33,low,0
95.75,Debit,Los Angeles,Branch,31.0,Engineer,169.0,1.0,337.6199999999999,medium,2
98.03,Debit,El Paso,Branch,54.0,Engineer,165.0,1.0,6323.45,high,1
107.48,Debit,Omaha,Branch,22.0,Student,129.0,1.0,591.23,low,2
36.56999999999999,Debit,Omaha,ATM,62.0,Retired,69.0,1.0,2583.07,high,2
575.62,Debit,Oklahoma City,Online,43.0,Doctor,129.0,1.0,234.40999999999985,medium,2
84.89,Debit,San Jose,ATM,37.0,Engineer,70.0,1.0,4735.61,medium,0
7.759999999999991,Credit,Las Vegas,Online,52.0,Retired,84.0,1.0,7393.11,medium,1
361.92,Debit,Detroit,ATM,54.0,Retired,111.0,1.0,7474.310000000001,high,1
122.45,Debit,New York,Branch,46.0,Doctor,98.0,1.0,7255.49,medium,2
175.21,Credit,Mesa,ATM,69.0,Doctor,69.0,1.0,6039.04,high,2
11.460000000000008,Debit,Chicago,Online,67.0,Retired,73.0,1.0,6628.75,high,3
382.07,Credit,Omaha,Branch,62.0,Doctor,147.0,1.0,10156.09,high,2
65.32,Debit,Mesa,ATM,28.0,Student,54.0,1.0,9165.02,low,2
85.31,Debit,Kansas City,ATM,62.0,Retired,27.0,1.0,6095.65,high,1
130.4,Debit,Raleigh,Branch,45.0,Engineer,63.0,1.0,4381.24,medium,0
68.1,Debit,Milwaukee,ATM,20.0,Student,47.0,1.0,1382.8000000000002,low,2
65.26000000000002,Debit,Sacramento,Branch,26.0,Student,72.0,1.0,7380.63,low,0
191.62,Debit,Jacksonville,Branch,63.0,Doctor,51.0,1.0,1981.67,high,1
212.88,Debit,Fresno,Online,39.0,Doctor,122.0,1.0,7036.72,medium,1
88.38,Debit,Virginia Beach,ATM,30.0,Engineer,138.0,1.0,3707.82,medium,0
390.09,Debit,El Paso,Online,26.0,Engineer,49.00000000000001,1.0,2617.23,low,1
333.83,Debit,Fresno,ATM,63.0,Retired,135.0,1.0,1660.6599999999999,high,1
44.53999999999999,Debit,San Antonio,ATM,31.0,Engineer,164.0,1.0,362.4000000000001,medium,0
82.17,Debit,Fort Worth,Branch,28.0,Student,21.0,1.0,1913.06,low,1
447.4200000000001,Debit,Charlotte,Online,32.0,Engineer,65.0,1.0,6133.22,medium,3
192.73,Debit,Milwaukee,Branch,71.0,Retired,157.0,1.0,2037.75,high,2
11.569999999999993,Credit,New York,Branch,56.0,Retired,64.0,1.0,2061.61,high,2
79.43,Debit,Dallas,ATM,74.0,Retired,72.0,1.0,6579.37,high,3
386.97,Debit,Raleigh,Branch,58.0,Retired,137.0,1.0,1876.35,high,0
51.22,Debit,Fresno,Branch,23.0,Student,82.0,1.0,1664.5900000000001,low,1
256.05,Debit,Nashville,ATM,54.0,Retired,35.0,1.0,6910.18,high,2
176.37,Debit,Boston,Branch,55.0,Retired,126.0,1.0,2420.8599999999997,high,3
86.41,Debit,Fresno,ATM,75.0,Retired,125.0,1.0,3128.71,high,1
21.569999999999993,Debit,San Francisco,ATM,54.0,Retired,71.0,1.0,7587.48,high,0
82.67000000000002,Debit,Milwaukee,Branch,26.0,Student,46.0,1.0,290.5900000000006,low,2
543.47,Debit,Los Angeles,ATM,18.0,Student,122.0,1.0,6165.03,low,2
346.76,Credit,San Jose,Branch,21.0,Student,116.0,1.0,1637.75,low,0
47.47999999999999,Debit,El Paso,Branch,24.0,Student,66.0,1.0,585.5199999999995,low,1
350.72,Credit,Fresno,ATM,28.0,Student,48.00000000000001,1.0,1982.9,low,1
3.8000000000000114,Debit,Charlotte,Online,65.0,Doctor,174.0,1.0,5766.96,high,3
22.539999999999992,Debit,El Paso,Online,26.0,Engineer,42.0,1.0,7139.11,low,1
167.47,Debit,Sacramento,ATM,35.0,Engineer,103.0,1.0,2293.13,medium,0
390.77,Debit,Portland,Online,44.0,Doctor,34.0,1.0,5500.56,medium,0
508.1600000000001,Debit,Mesa,ATM,39.0,Engineer,131.0,1.0,5609.44,medium,2
332.33,Debit,Kansas City,ATM,27.0,Student,101.0,1.0,192.6300000000001,low,1
362.0899999999999,Debit,New York,Branch,32.0,Engineer,31.0,1.0,6590.28,medium,2
248.66,Debit,Chicago,Online,28.0,Engineer,113.0,1.0,2571.39,low,3
461.25,Credit,Sacramento,Online,54.0,Doctor,171.0,1.0,676.0999999999999,high,0
268.92,Debit,Chicago,Branch,29.0,Engineer,148.0,1.0,8765.38,low,3
219.02,Credit,San Diego,Online,54.0,Engineer,68.0,1.0,7375.73,high,0
125.14,Debit,Baltimore,Branch,20.0,Student,31.0,1.0,1845.1800000000003,low,3
47.599999999999994,Debit,Austin,Online,53.0,Engineer,115.0,1.0,1382.5100000000002,medium,3
372.5,Debit,Nashville,ATM,22.0,Student,211.0,1.0,3901.82,low,2
4.719999999999999,Debit,Fort Worth,Branch,32.0,Engineer,20.0,1.0,4792.01,medium,1
144.93,Debit,Fresno,Branch,42.0,Engineer,74.0,1.0,6887.52,medium,1
421.25,Debit,Fort Worth,Online,25.0,Student,66.0,1.0,7174.69,low,1
185.71,Debit,Virginia Beach,Branch,48.0,Engineer,194.0,1.0,2679.91,medium,0
26.269999999999982,Credit,Portland,Online,45.0,Engineer,177.0,1.0,8853.93,medium,0
297.03,Debit,Austin,Online,61.0,Retired,151.0,1.0,1088.6199999999994,high,3
99.52,Debit,San Diego,ATM,52.0,Engineer,127.0,1.0,3798.09,medium,0
139.69,Debit,Indianapolis,Online,52.0,Engineer,180.0,1.0,9567.94,medium,1
112.72,Debit,Washington,Branch,31.0,Doctor,17.0,1.0,9630.0,medium,0
568.88,Debit,Nashville,Branch,19.0,Student,105.0,1.0,1307.8599999999997,low,2
189.03,Debit,Oklahoma City,ATM,28.0,Student,50.00000000000001,1.0,1916.46,low,2
283.15,Debit,Baltimore,Online,24.0,Student,180.0,1.0,603.79,low,3
151.82,Debit,Chicago,ATM,51.0,Retired,105.0,1.0,2197.12,medium,3
438.59,Debit,San Jose,Online,37.0,Engineer,103.0,1.0,8994.39,medium,0
501.15,Debit,Phoenix,Branch,47.0,Engineer,208.0,1.0,8821.84,medium,0
173.6,Debit,Austin,Online,21.0,Student,160.0,1.0,421.44000000000005,low,3
149.4,Debit,Chicago,ATM,53.0,Retired,123.0,1.0,1035.2199999999998,medium,3
126.04,Credit,Charlotte,Branch,65.0,Retired,167.0,1.0,6041.69,high,3
52.03999999999999,Credit,Colorado Springs,Branch,50.0,Doctor,31.0,1.0,8436.12,medium,3
309.77,Credit,San Antonio,Online,67.0,Retired,137.0,1.0,4378.14,high,0
124.98,Debit,Washington,ATM,24.0,Student,78.0,1.0,642.0,low,0
487.32000000000005,Debit,Kansas City,Branch,52.0,Doctor,164.0,1.0,7707.96,medium,1
205.65,Debit,Houston,Branch,62.0,Retired,144.0,1.0,3582.16,high,1
39.41,Debit,Louisville,Branch,25.0,Student,132.0,1.0,921.9099999999999,low,2
254.0,Debit,Nashville,Branch,35.0,Doctor,63.0,1.0,5788.53,medium,2
50.0,Credit,Jacksonville,ATM,53.0,Doctor,87.0,1.0,185.86999999999944,medium,1
132.42,Debit,Denver,ATM,18.0,Student,164.0,1.0,726.3899999999999,low,1
83.16,Debit,Los Angeles,ATM,61.0,Retired,177.0,1.0,3065.87,high,2
149.02,Credit,Fort Worth,Branch,46.0,Engineer,176.0,1.0,9379.72,medium,1
499.48,Debit,Charlotte,ATM,24.0,Student,133.0,1.0,1242.62,low,3
231.46,Credit,Miami,Branch,60.0,Engineer,83.0,1.0,4707.24,high,2
292.08,Debit,Columbus,ATM,72.0,Retired,32.0,1.0,7950.48,high,3
235.21,Debit,Boston,Branch,67.0,Doctor,74.0,1.0,5946.61,high,3
201.73,Debit,Baltimore,Online,57.0,Engineer,78.0,1.0,6650.71,high,3
18.409999999999997,Debit,Atlanta,Branch,53.0,Doctor,168.0,1.0,8287.54,medium,3
48.04999999999998,Debit,New York,Branch,27.0,Engineer,38.0,1.0,5334.97,low,2
359.42,Debit,Baltimore,Branch,55.0,Doctor,30.0,1.0,1765.4499999999998,high,3
31.810000000000002,Debit,Fort Worth,Online,51.0,Retired,149.0,1.0,1406.6,medium,1
220.2,Debit,Boston,Online,28.0,Student,102.0,1.0,1075.1500000000005,low,3
141.91,Debit,Miami,Branch,23.0,Student,49.00000000000001,1.0,791.9700000000003,low,2
95.83,Debit,Washington,Online,27.0,Student,91.0,1.0,1726.4,low,0
51.150000000000006,Credit,Los Angeles,Branch,46.0,Engineer,199.0,1.0,8992.25,medium,2
50.75,Debit,Boston,ATM,62.0,Doctor,185.0,1.0,8271.47,high,3
185.07,Debit,Colorado Springs,Branch,22.0,Student,159.0,1.0,636.4199999999996,low,3
293.54,Debit,Sacramento,Online,40.0,Engineer,45.0,1.0,2290.1,medium,0
285.26,Debit,Atlanta,ATM,28.0,Student,93.0,1.0,167.7199999999998,low,3
297.86,Credit,Milwaukee,ATM,28.0,Student,96.0,1.0,1680.1400000000003,low,2
295.82,Credit,Chicago,Branch,47.0,Engineer,46.0,1.0,5897.73,medium,3
81.08,Debit,Omaha,ATM,58.0,Engineer,56.0,1.0,7788.91,high,2
211.91,Debit,Indianapolis,Online,20.0,Student,181.0,1.0,927.4700000000007,low,1
38.370000000000005,Debit,San Antonio,ATM,63.0,Doctor,135.0,1.0,8647.04,high,0
269.79,Debit,San Jose,ATM,52.0,Engineer,17.0,1.0,1292.1,medium,0
36.97,Debit,Virginia Beach,Branch,41.0,Engineer,79.0,1.0,2850.92,medium,0
137.59,Debit,Nashville,ATM,30.0,Doctor,95.0,1.0,10679.67,medium,2
430.98,Debit,Baltimore,Branch,24.0,Student,93.0,1.0,569.2500000000005,low,3
13.870000000000005,Debit,Phoenix,Branch,24.0,Student,20.0,1.0,954.8300000000004,low,0
302.82,Debit,Jacksonville,ATM,36.0,Engineer,175.0,1.0,9384.54,medium,1
406.81,Debit,New York,Online,66.0,Retired,84.0,1.0,1968.3599999999997,high,2
256.3,Debit,New York,Online,53.0,Retired,172.0,1.0,4203.05,medium,2
80.96,Credit,Jacksonville,Online,19.0,Student,97.0,1.0,959.94,low,1
95.77999999999999,Debit,Atlanta,Online,22.0,Student,27.0,1.0,271.6400000000003,low,3
54.5,Credit,Philadelphia,Branch,57.0,Retired,147.0,1.0,1715.2200000000003,high,2
440.03,Debit,San Jose,Online,49.0,Engineer,88.0,1.0,1490.44,medium,0
249.34,Debit,Charlotte,ATM,26.0,Engineer,197.0,1.0,3030.97,low,3
421.52,Debit,San Jose,Branch,20.0,Student,67.0,1.0,369.8600000000001,low,0
189.77,Debit,Raleigh,Branch,58.0,Engineer,24.0,1.0,6570.36,high,0
188.13,Credit,Jacksonville,Online,75.0,Retired,198.0,1.0,5029.87,high,1
170.24,Debit,San Francisco,Branch,62.0,Retired,133.0,1.0,5172.99,high,0
56.620000000000005,Debit,Austin,Branch,54.0,Doctor,121.0,1.0,8981.1,high,3
53.140000000000015,Debit,Las Vegas,ATM,34.0,Doctor,70.0,1.0,7915.0,medium,1
21.27000000000004,Credit,Indianapolis,Online,62.0,Retired,114.0,1.0,7392.789999999999,high,1
135.15,Debit,Colorado Springs,Online,72.0,Retired,50.00000000000001,1.0,5878.14,high,3
39.47999999999999,Debit,Omaha,ATM,56.0,Retired,38.0,1.0,5889.51,high,2
451.68,Debit,Houston,Online,33.0,Engineer,15.0,1.0,4381.54,medium,1
355.0,Credit,Fort Worth,Online,26.0,Student,33.0,1.0,185.4699999999998,low,1
254.86,Debit,Boston,Branch,23.0,Student,102.0,1.0,699.9000000000005,low,3
206.63,Credit,Oklahoma City,Online,59.0,Retired,128.0,1.0,7626.53,high,2
93.22,Debit,Charlotte,Online,52.0,Retired,52.0,1.0,1014.6299999999997,medium,3
91.84,Credit,Mesa,Branch,67.0,Retired,80.0,1.0,1712.4099999999999,high,2
100.00999999999999,Debit,Philadelphia,ATM,50.0,Doctor,63.0,1.0,6393.12,medium,2
28.78,Credit,Tucson,Online,40.0,Doctor,51.0,1.0,680.5500000000002,medium,0
111.08,Debit,Chicago,Online,70.0,Doctor,83.0,1.0,7037.34,high,3
52.22999999999999,Credit,San Francisco,Branch,28.0,Student,96.0,1.0,105.01000000000022,low,0
78.62,Debit,Oklahoma City,Branch,32.0,Doctor,52.0,1.0,1360.85,medium,2
333.97,Debit,Fresno,Branch,52.0,Doctor,45.0,1.0,5237.36,medium,1
220.23,Debit,Milwaukee,ATM,41.0,Engineer,48.00000000000001,1.0,3438.02,medium,2
27.28,Debit,Atlanta,ATM,29.0,Doctor,96.0,1.0,10668.240000000002,low,3
101.52000000000001,Debit,Tucson,ATM,49.0,Engineer,98.0,1.0,2018.9,medium,0
162.65,Debit,New York,ATM,59.0,Engineer,147.0,1.0,9500.95,high,2
10.52000000000001,Debit,Kansas City,ATM,55.0,Retired,30.0,1.0,2472.99,high,1
270.72,Debit,Los Angeles,Branch,38.0,Doctor,37.0,1.0,6522.47,medium,2
247.58,Debit,San Antonio,ATM,39.0,Engineer,152.0,1.0,778.7399999999998,medium,0
215.72,Credit,Columbus,Branch,30.0,Engineer,137.0,1.0,8697.11,medium,3
224.28,Debit,Chicago,Online,64.0,Retired,68.0,1.0,5767.51,high,3
60.109999999999985,Credit,Albuquerque,Branch,61.0,Retired,122.0,1.0,7235.87,high,3
393.92,Debit,Memphis,Branch,72.0,Retired,47.0,1.0,7318.64,high,2
19.390000000000015,Debit,Colorado Springs,ATM,43.0,Doctor,45.0,1.0,9847.6,medium,3
57.06999999999999,Credit,Boston,Online,31.0,Doctor,99.0,1.0,9323.71,medium,3
395.27,Credit,Miami,Online,18.0,Student,167.0,1.0,1764.08,low,2
289.05,Debit,New York,ATM,75.0,Retired,116.0,1.0,5683.49,high,2
335.5,Debit,Sacramento,ATM,63.0,Retired,47.0,1.0,6445.4,high,0
388.07,Debit,Seattle,Online,24.0,Student,68.0,1.0,289.71000000000004,low,0
520.86,Credit,Sacramento,Online,51.0,Engineer,66.0,1.0,9200.74,medium,0
31.69999999999999,Credit,Raleigh,ATM,48.0,Doctor,121.0,1.0,743.9000000000005,medium,0
22.30000000000001,Debit,Philadelphia,ATM,21.0,Student,90.0,1.0,1200.35,low,2
203.12,Debit,San Jose,ATM,56.0,Retired,181.0,1.0,1562.3900000000003,high,0
315.94,Credit,Raleigh,Branch,49.0,Doctor,172.0,1.0,7719.710000000001,medium,0
0.2599999999999909,Debit,Oklahoma City,Online,20.0,Student,173.0,1.0,1833.67,low,2
210.77,Debit,Mesa,ATM,71.0,Retired,161.0,1.0,5396.65,high,2
422.9,Debit,Tucson,ATM,40.0,Engineer,111.0,1.0,7616.43,medium,0
174.39,Debit,San Francisco,ATM,19.0,Student,36.0,1.0,1127.08,low,0
54.849999999999994,Credit,San Francisco,Branch,58.0,Retired,40.0,1.0,2727.45,high,0
16.55000000000001,Debit,Tucson,Branch,26.0,Engineer,159.0,1.0,6089.79,low,0
91.31999999999998,Debit,Milwaukee,Branch,58.0,Engineer,77.0,1.0,2618.1000000000004,high,2
49.620000000000005,Debit,Portland,ATM,55.0,Engineer,111.0,1.0,3841.42,high,0
487.1600000000001,Credit,Los Angeles,Branch,28.0,Student,84.0,1.0,321.21000000000004,low,2
405.6,Debit,Tucson,Online,37.0,Engineer,44.0,1.0,9754.73,medium,0
512.95,Debit,Columbus,Branch,57.0,Engineer,143.0,1.0,9584.52,high,3
345.94,Debit,Portland,ATM,31.0,Doctor,163.0,1.0,7624.56,medium,0
356.56,Debit,New York,Online,47.0,Engineer,52.0,1.0,2485.73,medium,2
211.69,Debit,Atlanta,Branch,30.0,Doctor,111.0,1.0,6412.85,medium,3
221.49,Credit,Oklahoma City,Branch,23.0,Student,196.0,1.0,707.2499999999995,low,2
77.53,Debit,Louisville,Branch,54.0,Retired,55.0,1.0,5158.6,high,2
313.69,Debit,Oklahoma City,Branch,73.0,Retired,152.0,1.0,7093.68,high,2
411.72,Debit,Washington,Branch,29.0,Doctor,153.0,1.0,8539.86,low,0
508.73,Debit,Chicago,Branch,59.0,Retired,89.0,1.0,7640.57,high,3
153.08,Debit,Omaha,ATM,24.0,Student,201.0,1.0,1292.21,low,2
23.00999999999999,Debit,Las Vegas,Branch,63.0,Retired,166.0,1.0,5958.75,high,1
69.28,Debit,Los Angeles,Online,25.0,Student,129.0,1.0,708.7400000000002,low,2
51.25,Credit,Austin,Branch,28.0,Student,66.0,1.0,1744.4,low,3
459.25,Debit,Tucson,Branch,25.0,Student,59.0,1.0,130.76000000000022,low,0
301.56,Debit,Seattle,Branch,49.0,Doctor,118.0,1.0,10389.6,medium,0
17.669999999999987,Debit,San Diego,Online,63.0,Doctor,91.0,1.0,1048.1799999999998,high,0
145.4,Debit,Tucson,Online,38.0,Engineer,24.0,1.0,5244.49,medium,0
185.81,Debit,Austin,Online,32.0,Doctor,116.0,1.0,9588.71,medium,3
447.95,Debit,Tucson,Branch,29.0,Engineer,75.0,1.0,7544.4,low,0
279.3,Debit,Oklahoma City,ATM,19.0,Student,48.00000000000001,1.0,1193.6099999999997,low,2
275.2,Debit,New York,Online,54.0,Engineer,81.0,1.0,1230.12,high,2
427.79,Debit,San Jose,Branch,18.0,Student,189.0,1.0,1479.67,low,0
22.609999999999985,Debit,Seattle,Online,19.0,Student,145.0,1.0,1111.6699999999996,low,0
362.68,Credit,Miami,ATM,63.0,Retired,137.0,1.0,2040.77,high,2
73.23,Debit,San Francisco,Branch,20.0,Student,172.0,1.0,1309.85,low,0
18.560000000000002,Credit,Memphis,Branch,49.0,Engineer,161.0,1.0,4230.37,medium,2
389.05,Debit,Dallas,ATM,27.0,Student,41.0,1.0,761.0,low,3
66.91,Debit,Seattle,ATM,39.0,Doctor,85.0,1.0,871.0999999999999,medium,0
335.48,Debit,Oklahoma City,Branch,45.0,Engineer,155.0,1.0,3023.16,medium,2
38.140000000000015,Debit,Albuquerque,Online,19.0,Student,174.0,1.0,1119.2100000000005,low,3
360.02,Debit,Dallas,Online,68.0,Retired,68.0,1.0,6400.59,high,3
218.19,Debit,Austin,ATM,19.0,Student,185.0,1.0,620.8299999999995,low,3
209.99,Debit,Denver,ATM,19.0,Student,40.0,1.0,1938.0100000000002,low,1
83.43,Debit,New York,Online,56.0,Retired,109.0,1.0,1870.1599999999999,high,2
344.97,Debit,Austin,Online,34.0,Doctor,106.0,1.0,5577.94,medium,3
180.46,Debit,Fresno,ATM,25.0,Student,34.0,1.0,831.75,low,1
107.48,Debit,Los Angeles,Branch,20.0,Student,103.0,1.0,1379.3900000000003,low,2
81.50999999999999,Debit,Washington,Branch,25.0,Student,97.0,1.0,865.4900000000002,low,0
491.1,Credit,Houston,Online,35.0,Engineer,125.0,1.0,7833.85,medium,1
155.53,Debit,Baltimore,ATM,29.0,Engineer,66.0,1.0,4008.05,low,3
78.77,Credit,Las Vegas,ATM,48.0,Engineer,50.00000000000001,1.0,6470.57,medium,1
26.50000000000003,Debit,Indianapolis,Online,48.0,Engineer,179.0,1.0,4854.83,medium,1
55.99000000000001,Debit,El Paso,ATM,35.0,Doctor,95.0,1.0,932.6100000000001,medium,1
105.37,Debit,Sacramento,ATM,25.0,Student,160.0,1.0,1068.5500000000002,low,0
377.97,Debit,Miami,Online,72.0,Retired,160.0,1.0,2457.1,high,2
114.1,Debit,Boston,Branch,69.0,Retired,148.0,1.0,5882.12,high,3
11.30000000000004,Credit,Louisville,Online,55.0,Retired,41.0,1.0,1938.9899999999998,high,2
95.5,Debit,Omaha,Online,57.0,Retired,17.0,1.0,4079.09,high,2
130.93,Credit,Houston,Branch,28.0,Engineer,149.0,1.0,860.1199999999999,low,1
272.97,Debit,Boston,Online,68.0,Retired,174.0,1.0,7811.31,high,3
73.35,Debit,San Francisco,Branch,24.0,Student,47.0,1.0,1181.8400000000001,low,0
153.07,Debit,Detroit,ATM,56.0,Engineer,116.0,1.0,8873.43,high,1
52.94,Debit,Tucson,Branch,41.0,Doctor,146.0,1.0,6990.92,medium,0
384.41,Debit,Jacksonville,ATM,60.0,Engineer,65.0,1.0,7831.56,high,1
235.42,Debit,Phoenix,Branch,51.0,Retired,175.0,1.0,6173.23,medium,0
114.23,Debit,Dallas,ATM,56.0,Doctor,64.0,1.0,9523.72,high,3
12.620000000000005,Debit,El Paso,Branch,33.0,Doctor,61.0,1.0,6420.47,medium,1
336.05,Debit,San Antonio,Branch,28.0,Student,164.0,1.0,1635.0500000000002,low,0
112.27,Debit,Seattle,Branch,58.0,Doctor,102.0,1.0,7369.89,high,0
494.96000000000004,Debit,Sacramento,ATM,40.0,Engineer,132.0,1.0,6903.68,medium,0
440.94000000000005,Debit,San Antonio,Online,42.0,Doctor,148.0,1.0,7303.23,medium,0
71.9,Debit,Los Angeles,Branch,29.0,Doctor,51.0,1.0,10619.35,low,2
256.66,Credit,Raleigh,Online,54.0,Retired,137.0,1.0,1794.5,high,0
276.26,Debit,Louisville,Branch,56.0,Doctor,143.0,1.0,120.89000000000033,high,2
35.46000000000001,Debit,Indianapolis,ATM,67.0,Doctor,164.0,1.0,5692.31,high,1
38.140000000000015,Debit,Portland,Branch,50.0,Engineer,165.0,1.0,9879.87,medium,0
506.26,Credit,Baltimore,ATM,64.0,Retired,86.0,1.0,6266.65,high,3
389.43000000000006,Credit,Austin,ATM,52.0,Engineer,151.0,1.0,6449.83,medium,3
25.580000000000013,Debit,Omaha,ATM,60.0,Engineer,166.0,1.0,6741.41,high,2
147.74,Debit,Raleigh,Branch,23.0,Student,15.0,1.0,1711.7799999999997,low,0
265.37,Debit,Washington,Branch,33.0,Engineer,77.0,1.0,5229.95,medium,0
342.57,Debit,Boston,Online,20.0,Student,91.0,1.0,339.1600000000003,low,3
417.26,Credit,New York,Online,32.0,Doctor,45.0,1.0,10442.48,medium,2
33.629999999999995,Debit,Columbus,Online,63.0,Retired,76.0,1.0,4324.4,high,3
64.58000000000001,Debit,El Paso,Branch,55.0,Retired,173.0,1.0,6292.29,high,1
23.22999999999999,Credit,Miami,Branch,21.0,Student,122.0,1.0,269.0100000000002,low,2
285.49,Credit,Charlotte,Branch,53.0,Doctor,109.0,1.0,6366.84,medium,3
308.8,Debit,Baltimore,ATM,53.0,Retired,41.0,1.0,3966.54,medium,3
288.43,Debit,Phoenix,Branch,66.0,Retired,72.0,1.0,4577.09,high,0
147.46,Credit,Albuquerque,Online,65.0,Doctor,205.0,1.0,7458.030000000001,high,3
170.36,Debit,Indianapolis,ATM,30.0,Doctor,118.0,1.0,6034.73,medium,1
213.42,Debit,Columbus,ATM,45.0,Engineer,17.0,1.0,3736.38,medium,3
94.09,Debit,Miami,Branch,27.0,Student,203.0,1.0,646.8499999999999,low,2
3.6499999999999773,Debit,Miami,Online,69.0,Doctor,146.0,1.0,10017.11,high,2
224.79,Debit,Boston,Online,18.0,Student,129.0,1.0,528.3799999999997,low,3
64.29999999999998,Debit,Louisville,ATM,55.0,Retired,67.0,1.0,7530.3,high,2
111.79,Debit,Jacksonville,Online,62.0,Doctor,49.00000000000001,1.0,10887.59,high,1
170.45,Debit,San Francisco,Branch,60.0,Engineer,199.0,1.0,2284.41,high,0
344.27,Debit,San Antonio,Branch,22.0,Student,123.0,1.0,1918.3599999999997,low,0
292.95,Debit,Memphis,Branch,37.0,Engineer,56.0,1.0,1216.9099999999999,medium,2
209.02,Debit,El Paso,ATM,21.0,Student,74.0,1.0,187.9000000000001,low,1
20.05000000000001,Debit,Chicago,ATM,72.0,Retired,171.0,1.0,7145.67,high,3
175.02,Debit,Phoenix,Online,28.0,Student,71.0,1.0,1493.88,low,0
89.5,Credit,Louisville,Branch,41.0,Engineer,134.0,1.0,8658.95,medium,2
69.96000000000001,Debit,Baltimore,Branch,28.0,Student,31.0,1.0,164.1199999999999,low,3
376.78,Credit,Nashville,Online,21.0,Student,88.0,1.0,841.6500000000001,low,2
148.54,Credit,Columbus,Branch,71.0,Retired,107.0,1.0,5677.05,high,3
388.77,Credit,Jacksonville,Online,26.0,Student,30.0,1.0,1658.4899999999998,low,1
100.38,Debit,Seattle,Branch,63.0,Doctor,49.00000000000001,1.0,10171.68,high,0
458.94000000000005,Debit,Detroit,Branch,52.0,Engineer,180.0,1.0,5619.95,medium,1
327.35,Credit,Memphis,Branch,20.0,Student,175.0,1.0,342.0799999999999,low,2
47.22999999999999,Credit,Memphis,Online,73.0,Retired,160.0,1.0,6659.81,high,2
250.01,Debit,Kansas City,ATM,62.0,Retired,88.0,1.0,1541.48,high,1
28.379999999999995,Debit,Sacramento,Branch,55.0,Doctor,98.0,1.0,173.69999999999936,high,0
159.0,Debit,Las Vegas,ATM,49.0,Engineer,38.0,1.0,369.7900000000004,medium,1
56.31,Credit,Houston,Online,75.0,Retired,195.0,1.0,6396.08,high,1
50.99000000000001,Debit,Detroit,Branch,29.0,Doctor,76.0,1.0,1334.6,low,1
101.28,Credit,Chicago,Online,32.0,Engineer,75.0,1.0,2774.35,medium,3
299.92,Debit,Denver,ATM,27.0,Student,122.0,1.0,1368.0,low,1
18.349999999999994,Debit,Nashville,Branch,21.0,Student,78.0,1.0,1293.3900000000003,low,2
65.10999999999999,Debit,Nashville,ATM,34.0,Engineer,150.0,1.0,8485.14,medium,2
67.07,Credit,Los Angeles,ATM,24.0,Student,56.0,1.0,999.6200000000003,low,2
398.36,Debit,Columbus,ATM,22.0,Student,56.0,1.0,1863.6999999999998,low,3
469.46000000000004,Debit,New York,ATM,20.0,Student,149.0,1.0,8640.56,low,2
37.58000000000001,Debit,Indianapolis,ATM,57.0,Doctor,182.0,1.0,259.4399999999996,high,1
160.24,Debit,Washington,ATM,31.0,Engineer,15.0,1.0,5526.97,medium,0
315.39,Credit,New York,Branch,23.0,Student,93.0,1.0,929.5999999999999,low,2
165.91,Debit,Jacksonville,ATM,26.0,Student,84.0,1.0,587.1199999999999,low,1
211.36,Debit,San Francisco,Branch,47.0,Engineer,194.0,1.0,4760.34,medium,0
241.45,Debit,Portland,Online,26.0,Student,158.0,1.0,1594.04,low,0
70.88,Credit,Omaha,Branch,74.0,Retired,176.0,1.0,1794.65,high,2
261.19,Debit,Oklahoma City,ATM,64.0,Retired,52.0,1.0,7620.6,high,2
11.859999999999985,Debit,Sacramento,Branch,31.0,Engineer,129.0,1.0,6782.61,medium,0
122.65,Debit,Columbus,Online,28.0,Student,41.0,1.0,1968.5100000000002,low,3
395.16,Debit,Milwaukee,Online,56.0,Retired,17.0,1.0,5340.73,high,2
369.89,Debit,San Antonio,ATM,69.0,Retired,69.0,1.0,6941.47,high,0
199.14,Debit,Seattle,Branch,31.0,Engineer,36.0,1.0,7001.25,medium,0
96.25,Debit,Houston,Online,61.0,Retired,171.0,1.0,7996.700000000001,high,1
142.55,Debit,Kansas City,Online,67.0,Doctor,97.0,1.0,1262.6800000000003,high,1
35.94,Credit,Fresno,Branch,23.0,Student,141.0,1.0,1697.2799999999997,low,1
116.27,Debit,Portland,Online,57.0,Engineer,94.0,1.0,8726.92,high,0
50.900000000000006,Credit,Jacksonville,Online,28.0,Student,150.0,1.0,1277.6999999999998,low,1
206.84,Debit,Philadelphia,Branch,20.0,Student,154.0,1.0,454.6600000000003,low,2
199.37,Debit,Chicago,Online,24.0,Student,79.0,1.0,1331.3000000000002,low,3
18.22999999999999,Debit,Nashville,ATM,56.0,Engineer,28.0,1.0,8422.2,high,2
378.19999999999993,Debit,Mesa,Branch,40.0,Engineer,167.0,1.0,7372.81,medium,2
124.74,Debit,Los Angeles,ATM,49.0,Engineer,33.0,1.0,2987.97,medium,2
17.099999999999994,Debit,Albuquerque,ATM,53.0,Retired,101.0,1.0,1619.54,medium,3
125.0,Credit,Indianapolis,Online,49.0,Engineer,177.0,1.0,3215.76,medium,1
348.44,Debit,Baltimore,Online,24.0,Student,147.0,1.0,1022.9399999999996,low,3
128.4,Debit,Tucson,ATM,69.0,Retired,31.0,1.0,2610.6400000000003,high,0
320.93,Debit,Atlanta,Online,55.0,Engineer,178.0,1.0,9451.66,high,3
383.95,Credit,San Diego,Online,31.0,Engineer,143.0,1.0,9933.56,medium,0
12.93999999999997,Debit,Fresno,Branch,23.0,Student,158.0,1.0,921.23,low,1
329.75,Debit,Sacramento,Online,56.0,Retired,211.0,1.0,6009.43,high,0
99.25,Credit,Phoenix,Online,63.0,Retired,93.0,1.0,2570.34,high,0
150.6,Debit,Miami,ATM,69.0,Retired,59.0,1.0,3240.14,high,2
29.5,Debit,San Antonio,Online,73.0,Retired,129.0,1.0,1229.3199999999997,high,0
54.34,Debit,Albuquerque,ATM,65.0,Doctor,46.0,1.0,8019.889999999999,high,3
81.15,Debit,Miami,ATM,19.0,Student,114.0,1.0,1595.2600000000002,low,2
83.94999999999999,Debit,New York,Online,75.0,Retired,170.0,1.0,7413.18,high,2
410.4,Credit,Virginia Beach,ATM,61.0,Retired,78.0,1.0,2563.91,high,0
172.68,Debit,Baltimore,ATM,33.0,Doctor,17.0,1.0,10724.95,medium,3
139.88,Debit,Colorado Springs,ATM,34.0,Engineer,162.0,1.0,2969.71,medium,3
165.55,Debit,Dallas,Branch,28.0,Student,115.0,1.0,761.7800000000002,low,3
285.69,Debit,Miami,ATM,63.0,Retired,35.0,1.0,2552.54,high,2
532.4,Debit,Jacksonville,ATM,22.0,Student,149.0,1.0,1033.7300000000005,low,1
293.85,Debit,Charlotte,Online,25.0,Student,144.0,1.0,1919.9700000000003,low,3
270.36,Debit,Oklahoma City,ATM,25.0,Student,37.0,1.0,1783.04,low,2
506.03,Debit,Detroit,Branch,21.0,Student,21.0,1.0,1123.8899999999999,low,1
206.95,Debit,Seattle,Branch,22.0,Student,31.0,1.0,1817.65,low,0
350.96,Debit,Tucson,ATM,63.0,Retired,167.0,1.0,5463.94,high,0
261.63,Debit,Chicago,Branch,20.0,Student,150.0,1.0,477.02999999999975,low,3
46.120000000000005,Debit,Fresno,Branch,59.0,Doctor,30.0,1.0,8874.01,high,1
27.25,Credit,Kansas City,Branch,63.0,Retired,92.0,1.0,5365.2,high,1
556.04,Debit,Denver,ATM,72.0,Retired,27.0,1.0,5200.04,high,1
67.25,Debit,Miami,Online,19.0,Student,157.0,1.0,467.4000000000001,low,2
93.63,Debit,New York,ATM,29.0,Engineer,141.0,1.0,9873.62,low,2
341.84,Credit,El Paso,Branch,27.0,Student,89.0,1.0,1400.04,low,1
98.41,Debit,Sacramento,Online,27.0,Student,48.00000000000001,1.0,912.71,low,0
127.57,Debit,Nashville,ATM,52.0,Retired,75.0,1.0,6118.2,medium,2
392.05,Debit,Denver,ATM,60.0,Engineer,172.0,1.0,4383.69,high,1
521.01,Credit,Seattle,Branch,41.0,Engineer,73.0,1.0,4004.55,medium,0
172.5,Debit,Columbus,Online,68.0,Doctor,31.0,1.0,6851.16,high,3
152.34,Debit,Omaha,Branch,55.0,Doctor,115.0,1.0,6853.51,high,2
21.129999999999995,Debit,Dallas,Branch,28.0,Student,153.0,1.0,948.6999999999998,low,3
321.82,Credit,Raleigh,Branch,32.0,Engineer,43.0,1.0,6500.5,medium,0
148.77,Debit,San Jose,Branch,67.0,Retired,175.0,1.0,2138.42,high,0
566.33,Credit,Charlotte,ATM,24.0,Student,66.0,1.0,379.8200000000006,low,3
180.94,Debit,Raleigh,Branch,75.0,Retired,57.0,1.0,7659.99,high,0
77.9,Debit,Washington,Branch,21.0,Student,128.0,1.0,664.7200000000003,low,0
318.92,Credit,Washington,Branch,21.0,Student,60.0,1.0,1167.25,low,0
100.68,Debit,Memphis,Online,63.0,Retired,139.0,1.0,1123.7499999999995,high,2
225.93,Credit,Omaha,Branch,25.0,Student,199.0,1.0,1864.27,low,2
80.97,Debit,Seattle,Online,38.0,Doctor,157.0,1.0,5926.31,medium,0
191.89,Debit,San Antonio,Branch,25.0,Student,14.0,1.0,399.5699999999997,low,0
8.449999999999989,Debit,Philadelphia,ATM,22.0,Student,141.0,1.0,1115.3000000000002,low,2
16.27000000000001,Debit,Atlanta,ATM,57.0,Doctor,44.0,1.0,10971.32,high,3
555.7099999999999,Credit,Boston,Branch,22.0,Student,73.0,1.0,830.3699999999999,low,3
73.01000000000002,Credit,Milwaukee,Online,25.0,Student,62.0,1.0,1997.33,low,2
7.560000000000002,Debit,Milwaukee,ATM,40.0,Doctor,145.0,1.0,8528.72,medium,2
264.14,Debit,Baltimore,ATM,64.0,Doctor,125.0,1.0,8459.26,high,3
248.15,Debit,Milwaukee,ATM,75.0,Retired,202.0,1.0,2649.23,high,2
24.340000000000003,Debit,Raleigh,Branch,54.0,Engineer,110.0,1.0,6659.12,high,0
117.66,Credit,Memphis,Branch,39.0,Doctor,126.0,1.0,6794.17,medium,2
289.18,Debit,Baltimore,ATM,65.0,Retired,64.0,1.0,3139.75,high,3
125.39,Debit,Los Angeles,ATM,21.0,Student,140.0,1.0,202.6899999999996,low,2
504.12,Credit,Baltimore,Branch,25.0,Student,101.0,1.0,1107.2800000000002,low,3
42.09,Debit,Denver,Branch,29.0,Engineer,118.0,1.0,5526.28,low,1
303.43,Debit,Virginia Beach,Branch,22.0,Student,30.0,1.0,1833.2399999999998,low,0
270.54,Credit,Sacramento,ATM,20.0,Student,139.0,1.0,269.77999999999975,low,0
247.93,Debit,Indianapolis,Branch,37.0,Engineer,79.0,1.0,9801.48,medium,1
34.66999999999999,Debit,Chicago,Online,19.0,Student,71.0,1.0,888.5999999999995,low,3
326.03,Credit,New York,Online,18.0,Student,137.0,1.0,290.2399999999998,low,2
373.99,Debit,Sacramento,ATM,60.0,Doctor,140.0,1.0,8590.5,high,0
14.0,Debit,San Antonio,ATM,49.0,Engineer,173.0,1.0,7975.18,medium,0
57.16,Debit,Columbus,ATM,40.0,Engineer,74.0,1.0,222.2199999999998,medium,3
473.20000000000005,Debit,Houston,Online,34.0,Doctor,173.0,1.0,248.51999999999998,medium,1
192.97,Debit,Sacramento,ATM,59.0,Retired,140.0,1.0,3019.04,high,0
168.99,Debit,Baltimore,ATM,18.0,Student,203.0,1.0,1523.5699999999997,low,3
40.900000000000006,Debit,Charlotte,ATM,55.0,Doctor,37.0,1.0,1514.3400000000001,high,3
78.91,Debit,Sacramento,Online,61.0,Doctor,157.0,1.0,1817.4300000000003,high,0
486.61,Credit,Sacramento,ATM,48.0,Engineer,130.0,1.0,2006.69,medium,0
148.13,Debit,Phoenix,Branch,58.0,Retired,56.0,1.0,2189.38,high,0
268.7,Debit,Milwaukee,ATM,53.0,Retired,63.0,1.0,2104.74,medium,2
216.76,Credit,Omaha,Online,47.0,Engineer,138.0,1.0,643.6399999999999,medium,2
292.03,Credit,Memphis,ATM,46.0,Engineer,154.0,1.0,951.3299999999999,medium,2
251.4,Debit,Tucson,ATM,57.0,Retired,178.0,1.0,2561.67,high,0
184.56,Debit,Virginia Beach,Online,21.0,Student,93.0,1.0,1549.27,low,0
138.68,Credit,Colorado Springs,Branch,22.0,Student,44.0,1.0,206.20000000000027,low,3
42.56,Debit,Fresno,Online,18.0,Student,146.0,1.0,4361.44,low,1
53.83000000000001,Debit,Baltimore,Branch,70.0,Retired,131.0,1.0,4580.59,high,3
11.090000000000003,Debit,Charlotte,Branch,51.0,Engineer,95.0,1.0,2990.05,medium,3
449.17999999999995,Debit,Denver,Online,67.0,Retired,50.00000000000001,1.0,1025.9899999999998,high,1
297.6,Debit,Milwaukee,Online,39.0,Doctor,162.0,1.0,1461.17,medium,2
223.76,Credit,Boston,Branch,74.0,Retired,110.0,1.0,4102.23,high,3
17.419999999999987,Debit,Dallas,ATM,74.0,Retired,150.0,1.0,6851.31,high,3
422.14,Credit,Albuquerque,Branch,26.0,Student,109.0,1.0,1436.3199999999997,low,3
73.83,Debit,Las Vegas,Online,69.0,Doctor,69.0,1.0,6020.29,high,1
67.33000000000001,Debit,Detroit,Online,59.0,Engineer,36.0,1.0,5925.98,high,1
26.919999999999987,Debit,Indianapolis,ATM,62.0,Retired,43.0,1.0,1674.94,high,1
18.30000000000001,Debit,Mesa,Online,48.0,Engineer,155.0,1.0,3733.52,medium,2
317.94,Debit,Los Angeles,ATM,54.0,Engineer,124.0,1.0,2996.51,high,2
13.919999999999987,Debit,Los Angeles,ATM,37.0,Engineer,209.0,1.0,2735.84,medium,2
365.42999999999995,Debit,Portland,ATM,25.0,Student,176.0,1.0,1073.5100000000007,low,0
263.59,Debit,Dallas,Branch,71.0,Retired,16.0,1.0,6996.35,high,3
54.79999999999998,Debit,Albuquerque,Branch,34.0,Engineer,140.0,1.0,4943.49,medium,3
31.390000000000015,Debit,Tucson,ATM,20.0,Student,15.0,1.0,998.4899999999998,low,0
5.710000000000008,Debit,Tucson,Branch,21.0,Student,106.0,1.0,1285.42,low,0
178.39,Debit,Tucson,Online,34.0,Engineer,98.0,1.0,8469.43,medium,0
91.77,Debit,Omaha,Branch,51.0,Doctor,174.0,1.0,9240.73,medium,2
137.81,Debit,Detroit,Branch,58.0,Engineer,44.0,1.0,2631.4700000000003,high,1
256.34,Debit,Kansas City,Branch,69.0,Retired,99.0,1.0,7471.629999999999,high,1
118.1,Debit,Fort Worth,ATM,50.0,Engineer,50.00000000000001,1.0,7976.6,medium,1
137.86,Credit,Sacramento,Online,66.0,Doctor,120.0,1.0,8046.939999999999,high,0
276.56,Debit,Austin,Branch,68.0,Doctor,15.0,1.0,8942.58,high,3
505.6,Debit,Denver,Branch,52.0,Retired,183.0,1.0,5347.57,medium,1
371.86,Debit,Miami,ATM,46.0,Doctor,91.0,1.0,1329.4499999999998,medium,2
14.259999999999991,Debit,Virginia Beach,Branch,50.0,Engineer,37.0,1.0,2475.65,medium,0
13.160000000000025,Debit,Mesa,Branch,43.0,Engineer,98.0,1.0,1019.46,medium,2
73.01000000000002,Debit,Houston,ATM,56.0,Retired,101.0,1.0,2833.12,high,1
23.69999999999999,Debit,San Francisco,ATM,46.0,Doctor,32.0,1.0,7947.4400000000005,medium,0
49.59,Debit,Boston,Branch,48.0,Engineer,147.0,1.0,6037.03,medium,3
134.92,Debit,Los Angeles,Online,19.0,Student,101.0,1.0,1081.9699999999998,low,2
103.48,Debit,Baltimore,ATM,32.0,Engineer,33.0,1.0,6494.25,medium,3
156.74,Debit,Oklahoma City,ATM,70.0,Retired,136.0,1.0,4004.35,high,2
505.14,Debit,Portland,ATM,68.0,Retired,179.0,1.0,2525.47,high,0
7.610000000000014,Debit,Atlanta,ATM,50.0,Doctor,163.0,1.0,6275.0,medium,3
276.16,Credit,Portland,ATM,53.0,Retired,71.0,1.0,1733.3400000000001,medium,0
369.44,Debit,Detroit,Online,34.0,Engineer,19.0,1.0,5018.67,medium,1
558.86,Debit,Austin,ATM,60.0,Doctor,95.0,1.0,9844.32,high,3
36.74000000000001,Debit,Tucson,Branch,33.0,Doctor,133.0,1.0,6217.58,medium,0
79.14,Credit,Portland,Online,57.0,Retired,22.0,1.0,2229.56,high,0
132.48,Debit,Charlotte,Branch,36.0,Engineer,101.0,1.0,9313.05,medium,3
203.76,Debit,Colorado Springs,Branch,55.0,Retired,37.0,1.0,6747.16,high,3
0.8400000000000034,Debit,Austin,ATM,52.0,Engineer,31.0,1.0,2207.54,medium,3
182.29,Debit,San Diego,Online,54.0,Doctor,123.0,1.0,522.3899999999994,high,0
184.51,Credit,Portland,Online,54.0,Doctor,118.0,1.0,9381.64,high,0
22.150000000000006,Debit,Denver,Branch,44.0,Doctor,73.0,1.0,7451.83,medium,1
4.579999999999984,Credit,Atlanta,Online,21.0,Student,135.0,1.0,811.2399999999998,low,3
49.66999999999999,Debit,Atlanta,Online,21.0,Student,146.0,1.0,842.94,low,3
77.83,Credit,Kansas City,Branch,49.0,Engineer,146.0,1.0,2471.53,medium,1
52.870000000000005,Debit,Indianapolis,Branch,24.0,Student,70.0,1.0,960.96,low,1
227.61,Debit,Houston,Online,71.0,Retired,61.0,1.0,4405.28,high,1
40.83000000000001,Debit,Indianapolis,ATM,48.0,Engineer,24.0,1.0,3944.12,medium,1
484.24,Debit,Raleigh,Branch,67.0,Doctor,77.0,1.0,8042.300000000001,high,0
199.09,Debit,Detroit,Online,70.0,Doctor,89.0,1.0,1658.52,high,1
515.94,Debit,San Francisco,ATM,29.0,Engineer,37.0,1.0,1389.8900000000003,low,0
41.92999999999998,Debit,Fresno,ATM,48.0,Engineer,136.0,1.0,5081.26,medium,1
95.35,Debit,Chicago,Online,21.0,Student,131.0,1.0,1639.9,low,3
93.14,Debit,Memphis,Online,67.0,Retired,151.0,1.0,5473.82,high,2
14.919999999999959,Debit,Las Vegas,Branch,26.0,Engineer,120.0,1.0,6611.26,low,1
242.17,Debit,Jacksonville,ATM,60.0,Doctor,147.0,1.0,883.7200000000003,high,1
129.35,Debit,Las Vegas,ATM,52.0,Engineer,130.0,1.0,7166.88,medium,1
138.33,Debit,Dallas,Online,21.0,Student,69.0,1.0,232.5599999999995,low,3
39.31,Debit,Portland,Online,25.0,Student,178.0,1.0,1236.38,low,0
91.85,Debit,Seattle,Online,21.0,Student,148.0,1.0,802.0899999999997,low,0
277.7,Debit,Nashville,Branch,58.0,Engineer,107.0,1.0,1423.1999999999998,high,2
31.189999999999998,Debit,Charlotte,ATM,52.0,Engineer,74.0,1.0,5545.96,medium,3
112.91,Credit,Tucson,Online,27.0,Engineer,135.0,1.0,4764.48,low,0
256.8,Debit,Charlotte,ATM,26.0,Student,80.0,1.0,1128.38,low,3
571.93,Debit,Washington,Online,52.0,Retired,119.0,1.0,4026.03,medium,0
533.61,Debit,Mesa,Online,48.0,Engineer,115.0,1.0,3656.93,medium,2
428.62,Debit,Raleigh,Branch,55.0,Retired,72.0,1.0,3473.24,high,0
361.22,Debit,Raleigh,ATM,64.0,Retired,167.0,1.0,7061.73,high,0
135.27,Debit,Atlanta,ATM,48.0,Doctor,131.0,1.0,9410.51,medium,3
185.1,Debit,Albuquerque,Branch,53.0,Retired,23.0,1.0,6115.63,medium,3
354.96,Debit,Fort Worth,Online,69.0,Doctor,96.0,1.0,6712.94,high,1
224.22,Debit,Fresno,Branch,53.0,Doctor,37.0,1.0,8400.87,medium,1
223.22,Debit,Fort Worth,ATM,27.0,Student,96.0,1.0,1734.2200000000003,low,1
557.26,Debit,San Jose,ATM,69.0,Doctor,53.0,1.0,5237.12,high,0
27.43999999999997,Debit,Boston,ATM,62.0,Retired,164.0,1.0,5950.48,high,3
310.09,Debit,Detroit,Branch,36.0,Doctor,166.0,1.0,9962.5,medium,1
80.38,Debit,Kansas City,Online,52.0,Doctor,116.0,1.0,9662.88,medium,1
26.099999999999994,Credit,Detroit,Branch,66.0,Doctor,115.0,1.0,5243.0,high,1
59.72999999999999,Debit,Fresno,ATM,27.0,Student,56.0,1.0,800.9299999999998,low,1
483.9200000000001,Debit,New York,ATM,70.0,Retired,115.0,1.0,3138.0,high,2
78.93,Debit,Mesa,ATM,38.0,Doctor,145.0,1.0,9916.24,medium,2
87.85,Debit,Colorado Springs,Branch,49.0,Engineer,63.0,1.0,3753.24,medium,3
106.41,Debit,Los Angeles,Branch,57.0,Retired,87.0,1.0,1310.38,high,2
79.21,Debit,Colorado Springs,Branch,56.0,Retired,140.0,1.0,1615.04,high,3
422.81,Debit,Los Angeles,Branch,28.0,Student,193.0,1.0,1929.2799999999997,low,2
135.43,Debit,San Jose,ATM,57.0,Retired,92.0,1.0,5315.83,high,0
308.94,Debit,Los Angeles,Online,25.0,Student,167.0,1.0,1931.6599999999999,low,2
295.93,Debit,Boston,Branch,36.0,Doctor,117.0,1.0,1050.63,medium,3
92.5,Credit,Seattle,Online,40.0,Engineer,70.0,1.0,6295.45,medium,0
97.74,Credit,Los Angeles,Online,41.0,Engineer,137.0,1.0,4113.63,medium,2
291.68,Debit,Columbus,ATM,21.0,Student,90.0,1.0,1451.02,low,3
56.96000000000001,Debit,Albuquerque,ATM,22.0,Student,135.0,1.0,1597.85,low,3
436.8,Debit,Seattle,Online,27.0,Student,92.0,1.0,1256.33,low,0
568.68,Debit,Houston,ATM,72.0,Retired,101.0,1.0,2940.04,high,1
61.33000000000001,Debit,Raleigh,ATM,27.0,Engineer,129.0,1.0,7537.4,low,0
27.640000000000015,Debit,New York,Online,54.0,Engineer,23.0,1.0,7498.51,high,2
3.8499999999999943,Debit,San Jose,ATM,29.0,Doctor,32.0,1.0,10506.41,low,0
431.22,Credit,Austin,Branch,73.0,Retired,129.0,1.0,6505.98,high,3
178.55,Debit,Houston,Branch,55.0,Engineer,67.0,1.0,7568.4,high,1
248.76,Debit,Denver,ATM,18.0,Student,56.0,1.0,546.4600000000005,low,1
76.16,Debit,San Francisco,ATM,23.0,Student,99.0,1.0,1072.25,low,0
17.430000000000007,Debit,Albuquerque,ATM,56.0,Doctor,33.0,1.0,10658.88,high,3
198.01,Credit,Austin,Branch,26.0,Student,40.0,1.0,250.9300000000003,low,3
434.66999999999996,Credit,Virginia Beach,Online,27.0,Student,124.0,1.0,1298.13,low,0
212.97,Debit,Atlanta,Online,59.0,Engineer,178.0,1.0,4180.4,high,3
270.56,Debit,Philadelphia,Online,23.0,Student,139.0,1.0,1268.44,low,2
306.37,Debit,Colorado Springs,ATM,26.0,Engineer,120.0,1.0,9609.67,low,3
537.86,Debit,Kansas City,Online,27.0,Student,134.0,1.0,293.0599999999995,low,1
241.18,Debit,Mesa,ATM,25.0,Student,162.0,1.0,1445.5299999999997,low,2
28.52000000000001,Debit,Detroit,ATM,20.0,Student,163.0,1.0,662.5100000000007,low,1
431.31000000000006,Credit,Atlanta,Online,23.0,Student,99.0,1.0,342.72999999999956,low,3
199.23,Debit,Tucson,ATM,29.0,Engineer,54.0,1.0,9834.0,low,0
42.25999999999999,Debit,Raleigh,ATM,44.0,Doctor,171.0,1.0,268.77000000000044,medium,0
166.06,Debit,Indianapolis,ATM,30.0,Engineer,172.0,1.0,5397.68,medium,1
72.82,Debit,Houston,Online,68.0,Doctor,127.0,1.0,6911.62,high,1
162.36,Debit,Tucson,Online,36.0,Engineer,147.0,1.0,7527.040000000001,medium,0
38.150000000000006,Credit,Oklahoma City,Online,72.0,Retired,129.0,1.0,1425.4700000000003,high,2
58.22999999999999,Debit,Phoenix,Online,28.0,Student,34.0,1.0,9189.76,low,0
188.61,Debit,Boston,Online,67.0,Retired,26.0,1.0,7167.57,high,3
94.82,Credit,Columbus,Branch,67.0,Retired,56.0,1.0,1267.7200000000003,high,3
425.18,Credit,Fresno,Online,59.0,Engineer,135.0,1.0,5790.55,high,1
50.28,Debit,Oklahoma City,Branch,60.0,Engineer,65.0,1.0,5729.1,high,2
70.68,Debit,El Paso,Online,25.0,Student,105.0,1.0,1478.4099999999999,low,1
261.77,Debit,Chicago,Online,28.0,Student,46.0,1.0,824.71,low,3
183.22,Debit,Milwaukee,ATM,27.0,Student,63.0,1.0,1024.42,low,2
308.62,Credit,Sacramento,Branch,59.0,Engineer,101.0,1.0,9148.08,high,0
506.81000000000006,Debit,Milwaukee,ATM,59.0,Engineer,41.0,1.0,2757.23,high,2
328.39,Debit,New York,ATM,41.0,Engineer,108.0,1.0,2523.83,medium,2
72.47,Debit,Boston,Online,29.0,Doctor,72.0,1.0,1305.56,low,3
279.6,Debit,Fort Worth,ATM,25.0,Student,131.0,1.0,1910.9,low,1
304.2,Debit,Indianapolis,Online,25.0,Student,102.0,1.0,423.6399999999999,low,1
351.38,Debit,New York,Branch,64.0,Retired,21.0,1.0,7606.63,high,2
86.07,Debit,Dallas,Branch,31.0,Doctor,23.0,1.0,842.56,medium,3
258.7,Debit,Charlotte,ATM,27.0,Student,123.0,1.0,1358.37,low,3
11.460000000000008,Credit,Austin,Branch,75.0,Retired,64.0,1.0,7258.33,high,3
63.75999999999999,Debit,San Antonio,ATM,69.0,Retired,100.0,1.0,4980.26,high,0
446.83,Credit,Miami,Branch,55.0,Retired,143.0,1.0,1623.5,high,2
63.53999999999999,Debit,Dallas,ATM,26.0,Engineer,136.0,1.0,4401.78,low,3
81.10999999999999,Debit,Charlotte,Online,48.0,Engineer,110.0,1.0,2051.37,medium,3
48.50999999999999,Debit,Austin,Branch,22.0,Student,69.0,1.0,3363.23,low,3
180.36,Credit,Oklahoma City,Online,33.0,Engineer,55.0,1.0,9905.23,medium,2
291.46,Debit,Miami,ATM,57.0,Retired,135.0,1.0,7142.53,high,2
98.24,Debit,Mesa,Online,28.0,Student,148.0,1.0,580.6600000000003,low,2
100.48,Credit,Milwaukee,Branch,18.0,Student,104.0,1.0,6149.81,low,2
501.30000000000007,Credit,San Antonio,Online,26.0,Engineer,146.0,1.0,8520.08,low,0
26.099999999999994,Debit,Mesa,ATM,27.0,Student,32.0,1.0,1435.7200000000003,low,2
436.77,Debit,Jacksonville,ATM,20.0,Student,176.0,1.0,825.69,low,1
139.52,Debit,Portland,Branch,23.0,Student,31.0,1.0,1570.2200000000003,low,0
2.509999999999991,Debit,Baltimore,Online,63.0,Retired,32.0,1.0,4891.56,high,3
22.620000000000005,Debit,Virginia Beach,ATM,64.0,Doctor,102.0,1.0,7682.0,high,0
126.83,Debit,Austin,Branch,57.0,Retired,39.0,1.0,6100.98,high,3
46.599999999999994,Debit,Detroit,Online,55.0,Doctor,68.0,1.0,1562.9,high,1
231.51,Credit,Oklahoma City,Branch,60.0,Retired,96.0,1.0,5790.7,high,2
34.03,Debit,Los Angeles,Branch,57.0,Engineer,38.0,1.0,3077.2,high,2
101.51,Credit,Tucson,Online,46.0,Engineer,199.0,1.0,3052.47,medium,0
309.42,Debit,Fresno,Branch,27.0,Engineer,42.0,1.0,8564.46,low,1
82.01,Credit,Sacramento,Branch,23.0,Student,156.0,1.0,287.46000000000004,low,0
476.99,Debit,San Diego,Online,23.0,Student,187.0,1.0,1154.48,low,0
333.39,Debit,Philadelphia,ATM,68.0,Doctor,35.0,1.0,10628.59,high,2
10.300000000000011,Debit,Fresno,ATM,47.0,Engineer,197.0,1.0,7801.32,medium,1
98.95,Debit,Mesa,Branch,75.0,Retired,73.0,1.0,5670.82,high,2
215.13,Debit,Charlotte,Online,46.0,Engineer,114.0,1.0,3956.69,medium,3
341.88,Debit,Austin,ATM,43.0,Engineer,89.0,1.0,4159.52,medium,3
50.43000000000001,Debit,San Jose,Branch,32.0,Doctor,51.0,1.0,9794.26,medium,0
173.45,Debit,Philadelphia,ATM,31.0,Engineer,161.0,1.0,9077.62,medium,2
438.76,Debit,San Antonio,Branch,22.0,Student,73.0,1.0,1824.19,low,0
519.62,Credit,Washington,Online,71.0,Retired,40.0,1.0,4159.33,high,0
151.14,Debit,Memphis,Online,64.0,Retired,38.0,1.0,2156.54,high,2
444.52,Debit,Louisville,Online,27.0,Engineer,17.0,1.0,5424.6,low,2
256.95,Debit,San Diego,Branch,26.0,Engineer,71.0,1.0,2531.24,low,0
202.49,Credit,Virginia Beach,ATM,48.0,Engineer,69.0,1.0,7447.1,medium,0
154.99,Debit,Mesa,Branch,25.0,Student,53.0,1.0,1419.31,low,2
207.2,Debit,Columbus,Online,60.0,Engineer,133.0,1.0,8092.94,high,3
136.82,Debit,Chicago,Branch,31.0,Engineer,14.0,1.0,6229.13,medium,3
26.30000000000001,Debit,Virginia Beach,ATM,32.0,Doctor,33.0,1.0,7473.73,medium,0
319.5,Credit,Virginia Beach,Branch,29.0,Engineer,69.0,1.0,2366.3,low,0
182.42,Debit,Kansas City,Branch,51.0,Retired,137.0,1.0,3051.29,medium,1
222.96,Credit,Fresno,ATM,65.0,Doctor,150.0,1.0,7370.41,high,1
79.77,Debit,San Francisco,ATM,68.0,Retired,167.0,1.0,5010.31,high,0
200.19,Credit,San Antonio,Branch,52.0,Retired,108.0,1.0,4389.96,medium,0
343.88,Debit,Nashville,Online,63.0,Retired,97.0,1.0,6486.18,high,2
162.1,Debit,Milwaukee,Branch,41.0,Engineer,151.0,1.0,8576.65,medium,2
354.91,Debit,Boston,ATM,74.0,Retired,191.0,1.0,3872.55,high,3
38.41,Debit,Denver,ATM,40.0,Doctor,117.0,1.0,9129.68,medium,1
13.300000000000011,Debit,San Antonio,ATM,23.0,Student,63.0,1.0,213.0,low,0
189.65,Debit,Charlotte,ATM,21.0,Student,60.0,1.0,8457.09,low,3
230.51,Credit,Memphis,Branch,51.0,Engineer,56.0,1.0,9522.37,medium,2
85.01,Credit,Portland,ATM,25.0,Student,157.0,1.0,1299.4,low,0
444.47,Debit,San Jose,Online,57.0,Retired,61.0,1.0,6062.94,high,0
55.97999999999999,Credit,Kansas City,Branch,24.0,Student,87.0,1.0,7047.04,low,1
393.74,Debit,Charlotte,Online,26.0,Student,90.0,1.0,1769.06,low,3
515.5699999999999,Debit,Columbus,ATM,27.0,Engineer,56.0,1.0,9269.67,low,3
332.15,Debit,Dallas,ATM,59.0,Doctor,105.0,1.0,9749.46,high,3
177.94,Debit,Milwaukee,Online,19.0,Student,173.0,1.0,123.23999999999978,low,2
240.03,Debit,Atlanta,Online,33.0,Engineer,31.0,1.0,7807.73,medium,3
451.7,Debit,Chicago,Online,29.0,Engineer,103.0,1.0,8994.67,low,3
243.85,Debit,Omaha,Branch,39.0,Engineer,43.0,1.0,4576.78,medium,2
435.08,Debit,San Francisco,Online,55.0,Engineer,78.0,1.0,2103.41,high,0
127.78,Debit,Miami,ATM,20.0,Student,170.0,1.0,1046.6599999999999,low,2
23.140000000000015,Credit,Mesa,Online,47.0,Doctor,93.0,1.0,10536.54,medium,2
545.87,Debit,Miami,Branch,27.0,Engineer,41.0,1.0,4860.01,low,2
21.210000000000008,Debit,Nashville,Online,55.0,Engineer,37.0,1.0,9575.42,high,2
423.53,Credit,Kansas City,Branch,50.0,Doctor,81.0,1.0,5453.4,medium,1
114.15,Debit,Atlanta,ATM,19.0,Student,52.0,1.0,1612.4,low,3
275.98,Credit,Washington,Online,72.0,Retired,67.0,1.0,6151.05,high,0
152.42,Debit,San Jose,ATM,42.0,Doctor,176.0,1.0,9141.79,medium,0
395.77,Credit,El Paso,Branch,43.0,Doctor,118.0,1.0,6425.99,medium,1
207.82,Credit,Las Vegas,Online,19.0,Student,30.0,1.0,229.01999999999953,low,1
220.52,Debit,Seattle,ATM,57.0,Retired,152.0,1.0,1793.0900000000001,high,0
281.47,Debit,Philadelphia,ATM,34.0,Engineer,142.0,1.0,4437.48,medium,2
57.91,Credit,Sacramento,Branch,58.0,Engineer,97.0,1.0,3641.06,high,0
424.47,Debit,Oklahoma City,Online,22.0,Student,116.0,1.0,5491.55,low,2
228.4,Debit,Omaha,ATM,67.0,Doctor,116.0,1.0,9598.43,high,2
252.31,Credit,Seattle,ATM,26.0,Student,172.0,1.0,1584.6,low,0
178.26,Debit,Oklahoma City,ATM,59.0,Retired,59.0,1.0,1137.13,high,2
36.24999999999997,Debit,Tucson,Branch,52.0,Doctor,76.0,1.0,193.0600000000004,medium,0
46.53,Debit,San Francisco,ATM,42.0,Engineer,34.0,1.0,4468.12,medium,0
307.89,Credit,Nashville,Online,62.0,Retired,90.0,1.0,2637.55,high,2
20.060000000000002,Debit,Memphis,ATM,27.0,Student,144.0,1.0,445.2099999999996,low,2
0.3199999999999932,Debit,Boston,ATM,39.0,Engineer,136.0,1.0,7158.58,medium,3
14.280000000000001,Debit,Phoenix,ATM,23.0,Student,81.0,1.0,1597.5100000000002,low,0
232.35,Credit,Atlanta,Branch,33.0,Engineer,153.0,1.0,4186.25,medium,3
317.53,Debit,Miami,Online,44.0,Engineer,104.0,1.0,6237.68,medium,2
65.01000000000002,Credit,Austin,Online,29.0,Doctor,67.0,1.0,10235.19,low,3
0.44999999999998863,Debit,Kansas City,Branch,34.0,Engineer,172.0,1.0,8670.23,medium,1
364.13,Debit,Fort Worth,ATM,63.0,Doctor,61.0,1.0,8198.0,high,1
241.21,Debit,Omaha,ATM,31.0,Engineer,108.0,1.0,1220.8599999999997,medium,2
171.16,Debit,New York,Online,51.0,Retired,42.0,1.0,6126.5,medium,2
37.650000000000006,Credit,San Jose,Online,27.0,Student,109.0,1.0,411.7799999999993,low,0
25.77000000000001,Debit,Memphis,Online,68.0,Retired,18.0,1.0,4331.54,high,2
490.82000000000005,Debit,Kansas City,ATM,26.0,Engineer,114.0,1.0,8704.27,low,1
311.28,Debit,Atlanta,Branch,49.0,Doctor,198.0,1.0,135.96000000000004,medium,3
85.03,Debit,San Diego,ATM,51.0,Retired,48.00000000000001,1.0,4597.57,medium,0
307.75,Debit,Detroit,Branch,64.0,Doctor,63.0,1.0,1061.5800000000004,high,1
333.67,Debit,Fort Worth,Online,36.0,Engineer,68.0,1.0,9238.08,medium,1
502.9,Credit,Fresno,Online,26.0,Student,141.0,1.0,341.24000000000024,low,1
103.81,Debit,Oklahoma City,ATM,36.0,Doctor,34.0,1.0,7044.63,medium,2
69.43,Debit,Las Vegas,ATM,30.0,Engineer,162.0,1.0,9281.85,medium,1
110.4,Credit,San Diego,ATM,56.0,Doctor,62.0,1.0,8639.36,high,0
334.07,Debit,New York,Branch,59.0,Engineer,200.0,1.0,7306.79,high,2
52.44,Debit,Raleigh,Online,27.0,Student,87.0,1.0,3157.75,low,0
141.37,Debit,Denver,Online,46.0,Engineer,77.0,1.0,1019.77,medium,1
308.23,Debit,Las Vegas,ATM,60.0,Retired,23.0,1.0,4150.63,high,1
111.41,Debit,Chicago,Branch,21.0,Student,181.0,1.0,1204.1099999999997,low,3
294.61,Debit,Omaha,Branch,60.0,Retired,74.0,1.0,7375.59,high,2
106.43,Credit,Phoenix,ATM,52.0,Engineer,164.0,1.0,9403.12,medium,0
381.52,Debit,Seattle,Online,36.0,Doctor,79.0,1.0,5798.92,medium,0
5.659999999999997,Debit,Fresno,Branch,40.0,Engineer,33.0,1.0,5434.64,medium,1
209.09,Debit,Virginia Beach,ATM,48.0,Doctor,203.0,1.0,9100.81,medium,0
521.81,Debit,Virginia Beach,ATM,47.0,Engineer,34.0,1.0,4750.96,medium,0
57.34,Debit,Atlanta,Online,27.0,Student,81.0,1.0,1100.6400000000003,low,3
162.59,Debit,Indianapolis,Branch,64.0,Retired,19.0,1.0,7104.83,high,1
524.55,Debit,El Paso,ATM,39.0,Doctor,175.0,1.0,8292.75,medium,1
535.4,Debit,San Diego,Branch,23.0,Student,110.0,1.0,651.8400000000001,low,0
56.84,Debit,Raleigh,ATM,45.0,Engineer,185.0,1.0,7977.779999999999,medium,0
193.16,Debit,Charlotte,ATM,64.0,Retired,109.0,1.0,2304.5599999999995,high,3
541.52,Credit,Indianapolis,Branch,48.0,Engineer,161.0,1.0,6087.24,medium,1
273.24,Debit,Fresno,Branch,51.0,Retired,173.0,1.0,2202.21,medium,1
343.86,Debit,Charlotte,Branch,57.0,Engineer,70.0,1.0,3278.65,high,3
86.78999999999999,Debit,Fort Worth,Branch,33.0,Doctor,166.0,1.0,8795.37,medium,1
14.099999999999966,Debit,Louisville,Branch,45.0,Engineer,73.0,1.0,6949.21,medium,2
63.33000000000001,Credit,Louisville,Branch,23.0,Student,124.0,1.0,792.3299999999999,low,2
4.46999999999997,Debit,Baltimore,Branch,27.0,Student,132.0,1.0,1381.75,low,3
338.69,Debit,Virginia Beach,Branch,18.0,Student,169.0,1.0,1137.8900000000003,low,0
97.73,Debit,Sacramento,Branch,69.0,Doctor,156.0,1.0,7885.209999999999,high,0
27.609999999999985,Credit,Fort Worth,ATM,54.0,Retired,26.0,1.0,3679.64,high,1
284.17,Debit,Memphis,ATM,51.0,Retired,189.0,1.0,3479.56,medium,2
76.21,Debit,Los Angeles,Branch,22.0,Student,69.0,1.0,664.9299999999998,low,2
432.18,Debit,Las Vegas,Branch,18.0,Student,162.0,1.0,678.8299999999999,low,1
61.66,Debit,Sacramento,ATM,26.0,Student,86.0,1.0,5705.4,low,0
12.350000000000023,Debit,Fresno,Branch,25.0,Student,22.0,1.0,1846.85,low,1
213.25,Debit,San Francisco,Branch,25.0,Student,63.0,1.0,677.7899999999995,low,0
34.93000000000001,Debit,Columbus,Branch,31.0,Engineer,72.0,1.0,2810.37,medium,3
335.68,Debit,Tucson,Online,24.0,Student,142.0,1.0,1188.9499999999998,low,0
423.96,Debit,San Diego,ATM,43.0,Doctor,75.0,1.0,8374.38,medium,0
220.82,Debit,Louisville,Branch,42.0,Engineer,31.0,1.0,4298.13,medium,2
406.12,Debit,Houston,ATM,42.0,Doctor,106.0,1.0,10501.530000000002,medium,1
427.83,Debit,Phoenix,ATM,47.0,Engineer,29.0,1.0,3293.06,medium,0
21.900000000000006,Debit,Phoenix,ATM,28.0,Student,30.0,1.0,1052.27,low,0
393.68,Debit,San Diego,ATM,55.0,Doctor,141.0,1.0,10135.88,high,0
239.85,Debit,Tucson,ATM,70.0,Retired,50.00000000000001,1.0,1477.63,high,0
237.84,Debit,Nashville,Branch,26.0,Student,16.0,1.0,8932.39,low,2
459.2900000000001,Credit,Kansas City,Online,64.0,Retired,109.0,1.0,1006.1199999999994,high,1
196.49,Debit,Oklahoma City,Branch,41.0,Engineer,65.0,1.0,7516.5599999999995,medium,2
344.87,Debit,Houston,Branch,58.0,Retired,25.0,1.0,7447.44,high,1
129.62,Credit,San Jose,ATM,23.0,Student,124.0,1.0,620.2799999999993,low,0
13.02000000000001,Debit,Charlotte,Branch,51.0,Doctor,42.0,1.0,6076.45,medium,3
199.02,Debit,Memphis,ATM,22.0,Student,185.0,1.0,793.6300000000006,low,2
45.91999999999999,Debit,Nashville,ATM,26.0,Student,23.0,1.0,544.5600000000004,low,2
331.38,Debit,Miami,ATM,42.0,Engineer,122.0,1.0,844.5500000000002,medium,2
94.64,Credit,New York,ATM,28.0,Student,144.0,1.0,586.7600000000002,low,2
155.56,Credit,Austin,Branch,19.0,Student,64.0,1.0,129.78999999999996,low,3
301.39,Credit,Denver,Online,47.0,Doctor,104.0,1.0,10548.58,medium,1
136.31,Debit,Nashville,Online,74.0,Retired,65.0,1.0,4384.95,high,2
4.389999999999986,Debit,Philadelphia,ATM,26.0,Student,63.0,1.0,1429.6099999999997,low,2
429.25,Debit,Seattle,Online,29.0,Engineer,107.0,1.0,5019.68,low,0
138.54,Credit,Austin,Branch,60.0,Engineer,93.0,1.0,8274.77,high,3
33.03,Debit,Washington,Branch,21.0,Student,28.0,1.0,935.8800000000001,low,0
25.319999999999993,Debit,Oklahoma City,ATM,19.0,Student,25.0,1.0,1642.3400000000001,low,2
330.91,Debit,Kansas City,ATM,36.0,Engineer,28.0,1.0,6481.35,medium,1
153.55,Debit,Denver,Online,37.0,Doctor,16.0,1.0,5619.91,medium,1
217.61,Debit,Omaha,Online,27.0,Student,120.0,1.0,1661.1,low,2
131.69,Credit,Denver,Branch,53.0,Engineer,59.0,1.0,2958.43,medium,1
68.48999999999998,Debit,Nashville,Online,67.0,Retired,49.00000000000001,1.0,6683.31,high,2
275.87,Debit,Seattle,ATM,25.0,Student,112.0,1.0,1697.58,low,0
90.94,Credit,Colorado Springs,ATM,63.0,Retired,56.0,1.0,3896.08,high,3
206.25,Debit,Baltimore,ATM,74.0,Retired,56.0,1.0,3651.07,high,3
91.5,Debit,Omaha,ATM,47.0,Doctor,77.0,1.0,667.6599999999999,medium,2
489.31000000000006,Debit,Louisville,Branch,43.0,Engineer,36.0,1.0,5595.22,medium,2
54.84,Debit,Kansas City,Online,52.0,Retired,124.0,1.0,3495.51,medium,1
29.919999999999987,Credit,Denver,Online,68.0,Doctor,63.0,1.0,7855.01,high,1
133.06,Debit,Las Vegas,Online,35.0,Engineer,143.0,1.0,8843.44,medium,1
468.32000000000005,Debit,Fresno,Online,69.0,Retired,152.0,1.0,4710.04,high,1
245.62,Debit,San Antonio,Branch,23.0,Student,127.0,1.0,1879.8199999999997,low,0
57.49000000000001,Credit,Detroit,Online,24.0,Student,177.0,1.0,765.1500000000001,low,1
157.56,Debit,Indianapolis,Branch,43.0,Doctor,159.0,1.0,7541.16,medium,1
230.3,Debit,Colorado Springs,Online,46.0,Engineer,24.0,1.0,8356.88,medium,3
305.92,Debit,El Paso,ATM,72.0,Retired,88.0,1.0,1445.4700000000003,high,1
116.33,Debit,Fresno,Branch,27.0,Student,144.0,1.0,1696.15,low,1
537.71,Credit,Mesa,Online,19.0,Student,175.0,1.0,1806.08,low,2
219.44,Debit,Washington,Online,42.0,Engineer,23.0,1.0,4207.27,medium,0
58.77000000000001,Debit,Memphis,Online,27.0,Engineer,191.0,1.0,7261.7,low,2
291.22,Credit,Baltimore,Online,41.0,Engineer,100.0,1.0,3677.63,medium,3
56.52000000000001,Debit,Omaha,ATM,42.0,Engineer,152.0,1.0,6911.2,medium,2
66.76000000000002,Credit,Austin,Branch,36.0,Doctor,44.0,1.0,184.7199999999998,medium,3
106.99,Debit,Omaha,Branch,38.0,Engineer,152.0,1.0,5771.4,medium,2
107.1,Credit,Philadelphia,Online,25.0,Student,175.0,1.0,193.80000000000018,low,2
235.34,Debit,Washington,Branch,26.0,Student,68.0,1.0,566.8299999999999,low,0
86.35,Credit,Indianapolis,Branch,52.0,Retired,24.0,1.0,1550.48,medium,1
337.99,Debit,Colorado Springs,ATM,70.0,Doctor,115.0,1.0,9038.63,high,3
577.13,Credit,San Jose,Branch,40.0,Engineer,66.0,1.0,6640.51,medium,0
213.33,Debit,Omaha,ATM,52.0,Retired,161.0,1.0,5400.44,medium,2
69.79999999999998,Credit,New York,Branch,27.0,Student,138.0,1.0,136.77000000000044,low,2
179.62,Debit,Tucson,Online,24.0,Student,119.0,1.0,409.2600000000002,low,0
425.91,Debit,Jacksonville,ATM,23.0,Student,47.0,1.0,383.5799999999999,low,1
263.34,Debit,Denver,ATM,64.0,Retired,55.0,1.0,2411.0199999999995,high,1
11.02000000000001,Debit,Austin,Online,42.0,Doctor,42.0,1.0,7879.66,medium,3
152.0,Debit,Albuquerque,ATM,51.0,Engineer,63.0,1.0,7531.43,medium,3
270.39,Debit,Jacksonville,ATM,25.0,Student,104.0,1.0,899.1500000000001,low,1
261.45,Credit,Oklahoma City,Online,50.0,Engineer,96.0,1.0,6735.74,medium,2
99.98,Credit,Washington,Online,73.0,Retired,152.0,1.0,3037.97,high,0
400.69000000000005,Debit,Las Vegas,Online,32.0,Engineer,26.0,1.0,9040.33,medium,1
411.47,Debit,Fort Worth,ATM,26.0,Student,120.0,1.0,796.6300000000001,low,1
204.63,Debit,Las Vegas,Online,52.0,Engineer,92.0,1.0,9199.52,medium,1
421.56000000000006,Debit,San Jose,Online,53.0,Engineer,144.0,1.0,8037.87,medium,0
377.04,Debit,Chicago,ATM,34.0,Engineer,64.0,1.0,3812.87,medium,3
54.099999999999994,Credit,Boston,Branch,28.0,Engineer,17.0,1.0,940.9099999999994,low,3
18.099999999999994,Debit,Louisville,ATM,57.0,Retired,66.0,1.0,6474.34,high,2
408.62,Credit,Fort Worth,Online,48.0,Engineer,159.0,1.0,2498.48,medium,1
165.31,Debit,Boston,ATM,49.0,Doctor,28.0,1.0,7346.66,medium,3
271.22,Credit,Louisville,ATM,45.0,Doctor,87.0,1.0,6863.02,medium,2
307.68,Credit,Detroit,Online,75.0,Retired,162.0,1.0,2052.84,high,1
348.17,Debit,El Paso,ATM,21.0,Student,181.0,1.0,1887.8400000000001,low,1
557.78,Credit,Phoenix,Branch,26.0,Student,102.0,1.0,1289.48,low,0
235.83,Credit,Memphis,Online,53.0,Engineer,169.0,1.0,4120.75,medium,2
270.25,Debit,Tucson,ATM,31.0,Engineer,42.0,1.0,5414.97,medium,0
577.12,Debit,Virginia Beach,ATM,39.0,Engineer,69.0,1.0,5265.88,medium,0
92.24000000000001,Debit,Philadelphia,Branch,60.0,Engineer,93.0,1.0,6937.48,high,2
251.54,Debit,Tucson,Branch,48.0,Doctor,177.0,1.0,254.75,medium,0
28.629999999999995,Debit,San Diego,Branch,56.0,Retired,146.0,1.0,3382.91,high,0
185.97,Debit,Denver,Online,23.0,Student,19.0,1.0,1776.9099999999999,low,1
243.08,Credit,Jacksonville,Online,24.0,Student,93.0,1.0,131.25,low,1
232.12,Debit,Omaha,ATM,37.0,Engineer,51.0,1.0,6689.87,medium,2
198.62,Credit,Tucson,Branch,27.0,Student,84.0,1.0,1196.0699999999997,low,0
